state,district,ac_number,ac_name,part_number,roll_type,record_type,file_url,format,scriptable,live_status,live_http_status,live_content_type,last_updated
Andaman and Nicobar Islands,,,,335,Final Roll,main_roll,https://ceoandaman.nic.in/election/E-ROLL-2002/AllPdf/335.pdf,PDF text-searchable,Y,not_reachable_from_sandbox,000,,2002-01-31 (per roll series)
Andaman and Nicobar Islands,,,,336,Final Roll,main_roll,https://ceoandaman.nic.in/election/E-ROLL-2002/AllPdf/336.pdf,PDF text-searchable,Y,not_reachable_from_sandbox,000,,2002-01-31 (per roll series)
Andaman and Nicobar Islands,,,,337,Final Roll,main_roll,https://ceoandaman.nic.in/election/E-ROLL-2002/AllPdf/337.pdf,PDF text-searchable,Y,not_reachable_from_sandbox,000,,2002-01-31 (per roll series)
Andaman and Nicobar Islands,,,,45,Final Roll,main_roll,https://ceoandaman.nic.in/election/E-ROLL-2002/AllPdf/45.pdf,PDF text-searchable,Y,not_reachable_from_sandbox,000,,2002-01-31 (per roll series)
Andaman and Nicobar Islands,,,,71,Final Roll,main_roll,https://ceoandaman.nic.in/election/E-ROLL-2002/AllPdf/71.pdf,PDF text-searchable,Y,not_reachable_from_sandbox,000,,2002-01-31 (per roll series)
Andaman and Nicobar Islands,,,,73,Final Roll,main_roll,https://ceoandaman.nic.in/election/E-ROLL-2002/AllPdf/73.pdf,PDF text-searchable,Y,not_reachable_from_sandbox,000,,2002-01-31 (per roll series)
Andaman and Nicobar Islands,,1,ANDAMAN AND NICOBAR ISLANDS,,Service Voter Draft Roll,service_elector_roll,https://www.ceoandaman.nic.in/election/AnnounceContent/DRAFT SERVICE VOTER-2025.pdf,PDF text-searchable,Y,not_reachable_from_sandbox,000,,2025 (per filename)
Andaman and Nicobar Islands,,1,ANDAMAN AND NICOBAR ISLANDS,,Service Voter Final Roll,service_elector_roll,https://ceoandaman.nic.in/election/AnnounceContent/Final Service Voter- 2025.pdf,PDF text-searchable,Y,not_reachable_from_sandbox,000,,2025 (per filename)
Andaman and Nicobar Islands,,1,ANDAMAN AND NICOBAR ISLANDS,,Service Voter Final Roll,service_elector_roll,https://ceoandaman.nic.in/election/AnnounceContent/SERVICE VOTER FINAL ROLL 21.02.2026.pdf,PDF text-searchable,Y,not_reachable_from_sandbox,000,,2026-02-21 (per filename)
Andaman and Nicobar Islands,Andaman,,,11,Final Roll,main_roll,https://ceoandaman.nic.in/election/E-ROLL-2002/AllPdf/11.pdf,PDF text-searchable,Y,not_reachable_from_sandbox,000,,2002-01-31 (final publication date per document)
Andaman and Nicobar Islands,Andaman,,,132,Final Roll,main_roll,https://www.ceoandaman.nic.in/election/E-ROLL-2002/AllPdf/132.pdf,PDF text-searchable,Y,not_reachable_from_sandbox,000,,2002-01-31 (final publication date per document)
Andaman and Nicobar Islands,Andaman,,,134,Final Roll,main_roll,https://www.ceoandaman.nic.in/election/E-ROLL-2002/AllPdf/134.pdf,PDF text-searchable,Y,not_reachable_from_sandbox,000,,2002-01-31 (final publication date per document)
Andaman and Nicobar Islands,Andaman,,,14,Final Roll,main_roll,https://ceoandaman.nic.in/election/E-ROLL-2002/AllPdf/14.pdf,PDF text-searchable,Y,not_reachable_from_sandbox,000,,2002-01-31 (final publication date per document)
Andaman and Nicobar Islands,Andaman,,,16,Final Roll,main_roll,https://ceoandaman.nic.in/election/E-ROLL-2002/AllPdf/16.pdf,PDF text-searchable,Y,not_reachable_from_sandbox,000,,2002-01-31 (final publication date per document)
Andaman and Nicobar Islands,Andaman,,,161,Final Roll,main_roll,https://www.ceoandaman.nic.in/election/E-ROLL-2002/AllPdf/161.pdf,PDF text-searchable,Y,not_reachable_from_sandbox,000,,2002-01-31 (final publication date per document)
Andaman and Nicobar Islands,Andaman,,,163,Final Roll,main_roll,https://www.ceoandaman.nic.in/election/E-ROLL-2002/AllPdf/163.pdf,PDF text-searchable,Y,not_reachable_from_sandbox,000,,2002-01-31 (final publication date per document)
Andaman and Nicobar Islands,Andaman,,,185,Final Roll,main_roll,https://www.ceoandaman.nic.in/election/E-ROLL-2002/AllPdf/185.pdf,PDF text-searchable,Y,not_reachable_from_sandbox,000,,2002-01-31 (final publication date per document)
Andaman and Nicobar Islands,Andaman,,,197,Final Roll,main_roll,https://www.ceoandaman.nic.in/election/E-ROLL-2002/AllPdf/197.pdf,PDF text-searchable,Y,not_reachable_from_sandbox,000,,2002-01-31 (final publication date per document)
Andaman and Nicobar Islands,Andaman,,,21,Final Roll,main_roll,https://ceoandaman.nic.in/election/E-ROLL-2002/AllPdf/21.pdf,PDF text-searchable,Y,not_reachable_from_sandbox,000,,2002-01-31 (final publication date per document)
Andaman and Nicobar Islands,Andaman,,,212,Final Roll,main_roll,https://www.ceoandaman.nic.in/election/E-ROLL-2002/AllPdf/212.pdf,PDF text-searchable,Y,not_reachable_from_sandbox,000,,2002-01-31 (final publication date per document)
Andaman and Nicobar Islands,Andaman,,,22,Final Roll,main_roll,https://ceoandaman.nic.in/election/E-ROLL-2002/AllPdf/22.pdf,PDF text-searchable,Y,not_reachable_from_sandbox,000,,2002-01-31 (final publication date per document)
Andaman and Nicobar Islands,Andaman,,,239,Final Roll,main_roll,https://www.ceoandaman.nic.in/election/E-ROLL-2002/AllPdf/239.pdf,PDF text-searchable,Y,not_reachable_from_sandbox,000,,2002-01-31 (final publication date per document)
Andaman and Nicobar Islands,Andaman,,,41,Final Roll,main_roll,https://ceoandaman.nic.in/election/E-ROLL-2002/AllPdf/41.pdf,PDF text-searchable,Y,not_reachable_from_sandbox,000,,2002-01-31 (final publication date per document)
Andaman and Nicobar Islands,Andaman,,,49,Final Roll,main_roll,https://ceoandaman.nic.in/election/E-ROLL-2002/AllPdf/49.pdf,PDF text-searchable,Y,not_reachable_from_sandbox,000,,2002-01-31 (final publication date per document)
Andaman and Nicobar Islands,Andaman,,,5,Final Roll,main_roll,https://ceoandaman.nic.in/election/E-ROLL-2002/AllPdf/5.pdf,PDF text-searchable,Y,not_reachable_from_sandbox,000,,2002-01-31 (final publication date per document)
Andaman and Nicobar Islands,Andaman,,,56,Final Roll,main_roll,https://ceoandaman.nic.in/election/E-ROLL-2002/AllPdf/56.pdf,PDF text-searchable,Y,not_reachable_from_sandbox,000,,2002-01-31 (final publication date per document)
Andaman and Nicobar Islands,Nicobar,,,342,Final Roll,main_roll,https://ceoandaman.nic.in/election/E-ROLL-2002/AllPdf/342.pdf,PDF text-searchable,Y,not_reachable_from_sandbox,000,,2002-01-31 (final publication date per document)
Andaman and Nicobar Islands,Nicobar,,,354,Final Roll,main_roll,https://ceoandaman.nic.in/election/E-ROLL-2002/AllPdf/354.pdf,PDF text-searchable,Y,not_reachable_from_sandbox,000,,2002-01-31 (final publication date per document)
Andaman and Nicobar Islands,Nicobar,,,356,Final Roll,main_roll,https://ceoandaman.nic.in/election/E-ROLL-2002/AllPdf/356.pdf,PDF text-searchable,Y,not_reachable_from_sandbox,000,,2002-01-31 (final publication date per document)
Andaman and Nicobar Islands,Nicobar,,,357,Final Roll,main_roll,https://ceoandaman.nic.in/election/E-ROLL-2002/AllPdf/357.pdf,PDF text-searchable,Y,not_reachable_from_sandbox,000,,2002-01-31 (final publication date per document)
Andaman and Nicobar Islands,Nicobar,,,359,Final Roll,main_roll,https://ceoandaman.nic.in/election/E-ROLL-2002/AllPdf/359.pdf,PDF text-searchable,Y,not_reachable_from_sandbox,000,,2002-01-31 (final publication date per document)
Andaman and Nicobar Islands,Nicobar,,,361,Final Roll,main_roll,https://ceoandaman.nic.in/election/E-ROLL-2002/AllPdf/361.pdf,PDF text-searchable,Y,not_reachable_from_sandbox,000,,2002-01-31 (final publication date per document)
Andhra Pradesh,,,,,Final Roll (SSR 2024) - ECI portal,main_roll,https://voters.eci.gov.in/download-eroll?stateCode=S01,ECI portal (CAPTCHA-gated),N,gated_or_listing,,,
Andhra Pradesh,,001,,129,Final Roll,main_roll,https://ceoandhra.nic.in/ERolls/PDF/English/A001/A0010129.PDF,PDF text-searchable,Y,not_reachable_from_sandbox,000,,2007
Andhra Pradesh,,001,,133,Final Roll,main_roll,https://ceoandhra.nic.in/ERolls/PDF/English/A001/A0010133.PDF,PDF text-searchable,Y,not_reachable_from_sandbox,000,,2007
Andhra Pradesh,,003,,141,Final Roll,main_roll,https://ceoandhra.nic.in/ERolls/PDF/English/A003/A0030141.PDF,PDF text-searchable,Y,not_reachable_from_sandbox,000,,2007
Andhra Pradesh,,004,,63,Supplement,supplement,https://ceoandhra.nic.in/ERolls/PDF/English/A004/A0040063.PDF,PDF text-searchable,Y,not_reachable_from_sandbox,000,,2007
Andhra Pradesh,,008,,29,Final Roll,main_roll,https://ceoandhra.nic.in/ERolls/PDF/English/A008/A0080029.PDF,PDF text-searchable,Y,not_reachable_from_sandbox,000,,2007
Andhra Pradesh,,175,,,Aggregate statistics (Final SSR 2025 elector counts),statistics,https://ceoandhra.nic.in/ceoap_new/ceo/SSR_2024/Final-SSR-2025 Electors.pdf,PDF text-searchable,Y,not_reachable_from_sandbox,000,,2025-01-06
Andhra Pradesh,Srikakulam,002,Sompeta,10,Final Roll,main_roll,https://ceoandhra.nic.in/ERolls/PDF/English/A002/A0020010.PDF,PDF text-searchable,Y,not_reachable_from_sandbox,000,,2007
Andhra Pradesh,Srikakulam,007,Kothuru (ST),86,Final Roll,main_roll,https://ceoandhra.nic.in/ERolls/PDF/English/A007/A0070086.PDF,PDF text-searchable,Y,not_reachable_from_sandbox,000,,2007
Andhra Pradesh,Vizianagaram,009,Parvathipuram,19,Final Roll,main_roll,https://ceoandhra.nic.in/ERolls/PDF/English/A009/A0090019.PDF,PDF text-searchable,Y,not_reachable_from_sandbox,000,,2007
Andhra Pradesh,Vizianagaram,009,Parvathipuram,60,Final Roll,main_roll,https://ceoandhra.nic.in/ERolls/PDF/English/A009/A0090060.PDF,PDF text-searchable,Y,not_reachable_from_sandbox,000,,2007
Andhra Pradesh,Vizianagaram,009,Parvathipuram,73,Final Roll,main_roll,https://ceoandhra.nic.in/ERolls/PDF/English/A009/A0090073.PDF,PDF text-searchable,Y,not_reachable_from_sandbox,000,,2007
Andhra Pradesh,Vizianagaram,010,Saluru (ST),121,Final Roll,main_roll,https://ceoandhra.nic.in/ERolls/PDF/English/A010/A0100121.PDF,PDF text-searchable,Y,not_reachable_from_sandbox,000,,2007
Andhra Pradesh,Vizianagaram,010,Saluru (ST),21,Final Roll,main_roll,https://ceoandhra.nic.in/ERolls/PDF/English/A010/A0100021.PDF,PDF text-searchable,Y,not_reachable_from_sandbox,000,,2007
Andhra Pradesh,Vizianagaram,010,Saluru (ST),79,Final Roll,main_roll,https://ceoandhra.nic.in/ERolls/PDF/English/A010/A0100079.PDF,PDF text-searchable,Y,not_reachable_from_sandbox,000,,2007
Andhra Pradesh,Vizianagaram,011,Bobbili,10,Final Roll,main_roll,https://ceoandhra.nic.in/ERolls/PDF/English/A011/A0110010.PDF,PDF text-searchable,Y,not_reachable_from_sandbox,000,,2007
Arunachal Pradesh,,13,ITANAGAR,9,Intensive Revision 2006 (mother roll + supplement of additions/deletions/corrections),supplement,https://ceoarunachal.nic.in/archiverolls/EROLL2006/AC013/A0130009.pdf,PDF text-searchable,Y,verified_live,206,application/pdf,
Arunachal Pradesh,,16,YACHULI,19,Intensive Revision 2006 (mother roll + supplement of additions/deletions/corrections),supplement,https://ceoarunachal.nic.in/archiverolls/EROLL2006/AC016/A0160019.pdf,PDF text-searchable,Y,verified_live,206,application/pdf,
Arunachal Pradesh,,16,YACHULI,39,Intensive Revision 2006 (mother roll + supplement of additions/deletions/corrections),supplement,https://ceoarunachal.nic.in/archiverolls/EROLL2006/AC016/A0160039.pdf,PDF text-searchable,Y,verified_live,206,application/pdf,
Arunachal Pradesh,,2,TAWANG,18,Intensive Revision 2006 (mother roll + supplement of additions/deletions/corrections),supplement,https://ceoarunachal.nic.in/archiverolls/EROLL2006/AC002/A0020018.pdf,PDF text-searchable,Y,verified_live,206,application/pdf,
Arunachal Pradesh,,23,TALIHA,2,Intensive Revision 2006 (mother roll + supplement of additions/deletions/corrections),supplement,https://ceoarunachal.nic.in/archiverolls/EROLL2006/AC023/A0230002.pdf,PDF text-searchable,Y,verified_live,206,application/pdf,
Arunachal Pradesh,,24,DAPORIJO,35,Intensive Revision 2006 (mother roll + supplement of additions/deletions/corrections),supplement,https://ceoarunachal.nic.in/archiverolls/EROLL2006/AC024/A0240035.pdf,PDF text-searchable,Y,verified_live,206,application/pdf,
Arunachal Pradesh,,28,LIKABALI,32,Intensive Revision 2006 (mother roll + supplement of additions/deletions/corrections),supplement,https://ceoarunachal.nic.in/archiverolls/EROLL2006/AC028/A0280032.pdf,PDF text-searchable,Y,verified_live,206,application/pdf,
Arunachal Pradesh,,47,NAMSAI,13,Intensive Revision 2006 (mother roll + supplement of additions/deletions/corrections),supplement,https://ceoarunachal.nic.in/archiverolls/EROLL2006/AC047/A0470013.pdf,PDF text-searchable,Y,verified_live,206,application/pdf,
Arunachal Pradesh,,53,CHANGLANG NORTH,24,Intensive Revision 2006 (mother roll + supplement of additions/deletions/corrections),supplement,https://ceoarunachal.nic.in/archiverolls/EROLL2006/AC053/A0530024.pdf,PDF text-searchable,Y,verified_live,206,application/pdf,
Arunachal Pradesh,,60,PONGCHAO WAKKA,9,Intensive Revision 2006 (mother roll + supplement of additions/deletions/corrections),supplement,https://ceoarunachal.nic.in/archiverolls/EROLL2006/AC060/A0600009.pdf,PDF text-searchable,Y,verified_live,206,application/pdf,
Arunachal Pradesh,,7,BOMDILA,30,Intensive Revision 2006 (mother roll + supplement of additions/deletions/corrections),supplement,https://ceoarunachal.nic.in/archiverolls/EROLL2006/AC007/A0070030.pdf,PDF text-searchable,Y,verified_live,206,application/pdf,
Arunachal Pradesh,ANJAW,45,HAYULIANG,24,Intensive Revision 2006 (mother roll + supplement of additions/deletions/corrections),supplement,https://ceoarunachal.nic.in/archiverolls/EROLL2006/AC045/A0450024.pdf,PDF text-searchable,Y,verified_live,206,application/pdf,
Arunachal Pradesh,CHANGLANG,49,BORDUMSA - DIYUM,13,Intensive Revision 2006 (mother roll + supplement of additions/deletions/corrections),supplement,https://ceoarunachal.nic.in/archiverolls/EROLL2006/AC049/A0490013.pdf,PDF text-searchable,Y,verified_live,206,application/pdf,
Arunachal Pradesh,EAST KAMENG,9,CHAYANG TAJO,3,Intensive Revision 2006 (mother roll + supplement of additions/deletions/corrections),supplement,https://ceoarunachal.nic.in/archiverolls/EROLL2006/AC009/A0090003.pdf,PDF text-searchable,Y,verified_live,206,application/pdf,
Arunachal Pradesh,PAPUM PARE,13,ITANAGAR,33,Intensive Revision 2006 (mother roll + supplement of additions/deletions/corrections),supplement,https://ceoarunachal.nic.in/archiverolls/EROLL2006/AC013/A0130033.pdf,PDF text-searchable,Y,verified_live,206,application/pdf,
Arunachal Pradesh,PAPUM PARE,14,DOIMUKH,31,Intensive Revision 2006 (mother roll + supplement of additions/deletions/corrections),supplement,https://ceoarunachal.nic.in/archiverolls/EROLL2006/AC014/A0140031.pdf,PDF text-searchable,Y,verified_live,206,application/pdf,
Arunachal Pradesh,UPPER SUBANSIRI,24,DAPORIJO,40,Intensive Revision 2006 (mother roll + supplement of additions/deletions/corrections),supplement,https://ceoarunachal.nic.in/archiverolls/EROLL2006/AC024/A0240040.pdf,PDF text-searchable,Y,verified_live,206,application/pdf,
Arunachal Pradesh,WEST SIANG,30,ALONG WEST,12,Intensive Revision 2006 (mother roll + supplement of additions/deletions/corrections),supplement,https://ceoarunachal.nic.in/archiverolls/EROLL2006/AC030/A0300012.pdf,PDF text-searchable,Y,verified_live,206,application/pdf,
Bihar,,,,,Supplement,supplement,http://ceoelection.bihar.gov.in/PDF/Year_2025/Format1-8/Format_4B.pdf,PDF (text-searchable),Y,verified_live,206,application/pdf,30.09.2025 (proposed final roll; qualifying date 01.07.2025)
Bihar,,,,,Supplement,supplement,http://ceoelection.bihar.gov.in/PDF/Year_2025/Format1-8/Format_1B.pdf,PDF (text-searchable),Y,verified_live,206,application/pdf,30.09.2025 (proposed final roll; qualifying date 01.07.2025)
Bihar,,,,,Supplement,supplement,http://ceoelection.bihar.gov.in/PDF/Year_2025/Format1-8/Format_5B.pdf,PDF (text-searchable),Y,verified_live,206,application/pdf,30.09.2025 (proposed final roll; qualifying date 01.07.2025)
Bihar,,,,,Supplement,supplement,http://ceoelection.bihar.gov.in/PDF/Year_2025/Format1-8/Format_5C.pdf,PDF (text-searchable),Y,verified_live,206,application/pdf,30.09.2025 (proposed final roll; qualifying date 01.07.2025)
Bihar,,,,,Supplement,supplement,http://ceoelection.bihar.gov.in/PDF/Year_2025/Format1-8/Format_7.pdf,PDF (text-searchable),Y,verified_live,206,application/pdf,30.09.2025 (proposed final roll; qualifying date 01.07.2025)
Bihar,,,,,Supplement,supplement,http://ceoelection.bihar.gov.in/PDF/Format_1_to_8_2023/Format_4B_2023.pdf,PDF (text-searchable),Y,verified_live,206,application/pdf,01.01.2023 (qualifying date; proposed final roll)
Bihar,,,,,Supplement,supplement,http://ceoelection.bihar.gov.in/PDF/Format_1_to_8_2023/Format_3B_2023.pdf,PDF (text-searchable),Y,verified_live,206,application/pdf,01.01.2023 (qualifying date; proposed final roll)
Bihar,,,,,Supplement,supplement,http://ceoelection.bihar.gov.in/PDF/Format_1_to_8_2023/Format_6_2023.pdf,PDF (text-searchable),Y,verified_live,206,application/pdf,01.01.2023 (qualifying date; proposed final roll)
Bihar,,,,,Supplement,supplement,http://ceoelection.bihar.gov.in/PDF/Format_1_to_8_2023/Format_7_2023.pdf,PDF (text-searchable),Y,verified_live,206,application/pdf,01.01.2023 (qualifying date; draft/final roll)
Chandigarh,Chandigarh,,Chandigarh,,Final Roll,listing_page,https://ceochandigarh.gov.in/en/list-of-polling-stations,webpage table,N,gated_or_listing,,,
Chandigarh,Chandigarh,,Chandigarh,,Final Roll,listing_page,https://ceochandigarh.gov.in/pages/list_of_polling_stations,webpage table,N,gated_or_listing,,,
Chandigarh,Chandigarh,,Chandigarh,,SIR Draft Roll,listing_page,https://voters.eci.gov.in/download-eroll,webpage table,N,gated_or_listing,,,
Dadra and Nagar Haveli and Daman and Diu,,1,Daman & Diu (Parliamentary Constituency),,Final Roll,main_roll,https://ceodaman.nic.in/Final PER/Final  PHOTO ELECTORAL ROLL- 2015/IndexPage.pdf,"PDF text-searchable (index/summary, 18 pages, lists all 135 parts)",Y,not_reachable_from_sandbox,000,,2015-01-05
Dadra and Nagar Haveli and Daman and Diu,Dadra and Nagar Haveli,1,Dadra and Nagar Haveli (Parliamentary Constituency),,Supplement,claims_objections,"https://ceodaman.nic.in/Form%209,10,11%20and%2011A%20For%20Displaying%20list%20of%20claims%20and%20objections/pdf/English/Form%209%20DNH.PDF","PDF (Form 9 claims list, SSR-23, claims dated Nov 2022)",Y,not_reachable_from_sandbox,000,,2022-11
Dadra and Nagar Haveli and Daman and Diu,Daman,1,Daman & Diu (Parliamentary Constituency),38,Final Roll,main_roll,https://ceodaman.nic.in/IRER2002/DMN/E38.pdf,PDF scanned image (OCR text extractable),Y,not_reachable_from_sandbox,000,,2002-01-31
Dadra and Nagar Haveli and Daman and Diu,Daman,1,Daman & Diu (Parliamentary Constituency),40,Final Roll,main_roll,https://ceodaman.nic.in/IRER2002/DMN/E40.pdf,PDF scanned image (OCR text extractable),Y,not_reachable_from_sandbox,000,,2002-01-31
Dadra and Nagar Haveli and Daman and Diu,Daman,1,Daman & Diu (Parliamentary Constituency),48,Final Roll,main_roll,https://ceodaman.nic.in/IRER2002/DMN/E48.pdf,PDF scanned image (OCR text extractable),Y,not_reachable_from_sandbox,000,,2002-01-31
Dadra and Nagar Haveli and Daman and Diu,Daman,1,Daman & Diu (Parliamentary Constituency),52,Final Roll,main_roll,https://ceodaman.nic.in/IRER2002/DMN/E52.pdf,PDF scanned image (OCR text extractable),Y,not_reachable_from_sandbox,000,,2002-01-31
Dadra and Nagar Haveli and Daman and Diu,Daman,1,Daman & Diu (Parliamentary Constituency),7,Final Roll,main_roll,https://ceodaman.nic.in/IRER2002/DMN/E7.pdf,PDF scanned image (OCR text extractable),Y,not_reachable_from_sandbox,000,,2002-01-31
Dadra and Nagar Haveli and Daman and Diu,Diu,1,Daman & Diu (Parliamentary Constituency),,Supplement,claims_objections,https://ceodaman.nic.in/2018/24092018-form11A.pdf,PDF (Form 11A transposition applications list),Y,not_reachable_from_sandbox,000,,2018-09-24
Dadra and Nagar Haveli and Daman and Diu,Diu,1,Daman & Diu (Parliamentary Constituency),66,Final Roll,main_roll,https://ceodaman.nic.in/IRER2002/DMN/E66.pdf,PDF scanned image (OCR text extractable),Y,not_reachable_from_sandbox,000,,2002-01-31
Dadra and Nagar Haveli and Daman and Diu,Diu,1,Daman & Diu (Parliamentary Constituency),68,Final Roll,main_roll,https://ceodaman.nic.in/IRER2002/DMN/E68.pdf,PDF scanned image (OCR text extractable),Y,not_reachable_from_sandbox,000,,2002-01-31
Dadra and Nagar Haveli and Daman and Diu,Diu,1,Daman & Diu (Parliamentary Constituency),70,Final Roll,main_roll,https://ceodaman.nic.in/IRER2002/DMN/E70.pdf,PDF scanned image (OCR text extractable),Y,not_reachable_from_sandbox,000,,2002-01-31
Dadra and Nagar Haveli and Daman and Diu,Diu,1,Daman & Diu (Parliamentary Constituency),71,Final Roll,main_roll,https://ceodaman.nic.in/IRER2002/DMN/E71.pdf,PDF scanned image (OCR text extractable),Y,not_reachable_from_sandbox,000,,2002-01-31
Dadra and Nagar Haveli and Daman and Diu,Diu,1,Daman & Diu (Parliamentary Constituency),79,Final Roll,main_roll,https://ceodaman.nic.in/IRER2002/DMN/E79.pdf,PDF scanned image (OCR text extractable),Y,not_reachable_from_sandbox,000,,2002-01-31
Dadra and Nagar Haveli and Daman and Diu,Diu,1,Daman & Diu (Parliamentary Constituency),81,Final Roll,main_roll,https://ceodaman.nic.in/IRER2002/DMN/E81.pdf,PDF scanned image (OCR text extractable),Y,not_reachable_from_sandbox,000,,2002-01-31
Dadra and Nagar Haveli and Daman and Diu,Diu,1,Daman & Diu (Parliamentary Constituency),82,Final Roll,main_roll,https://ceodaman.nic.in/IRER2002/DMN/E82.pdf,PDF scanned image (OCR text extractable),Y,not_reachable_from_sandbox,000,,2002-01-31
Delhi,,19,SHALIMAR BAGH,59,Final Roll,main_roll,https://ceodelhinet.nic.in/ceodelhiweb/validateUser_2002BK.aspx?id=+tKA3vv7qKFgYLqM0FzaRh6SmptsWmDhilW6rqQP+Uw=,PDF (text-searchable),Y,verified_live,200,application/pdf,
Delhi,,20,BADLI,186,Final Roll,main_roll,https://ceodelhinet.nic.in/ceodelhiweb/validateUser_2002BK.aspx?id=7vZ/xHV/kzbzQrUUK54V72MP6NTUzYkMnXen7XmyrYw=,PDF (text-searchable),Y,verified_live,200,application/pdf,
Delhi,,20,BADLI,39,Final Roll,main_roll,https://ceodelhinet.nic.in/ceodelhiweb/validateUser_2002BK.aspx?id=7vZ/xHV/kzbzQrUUK54V77LeqiswgkZrktNC/PmHu50=,PDF (text-searchable),Y,verified_live,200,application/pdf,
Delhi,,24,MANGOLPURI (SC),43,Final Roll,main_roll,https://ceodelhinet.nic.in/ceodelhiweb/validateUser_2002BK.aspx?id=Jn9nLlWDWEAigTyAGLvPYgxh+H4vfBBjNpEydSW0FWg=,PDF (text-searchable),Y,verified_live,200,application/pdf,
Delhi,,25,NANGLOI JAT,18,Final Roll,main_roll,https://ceodelhinet.nic.in/ceodelhiweb/validateUser_2002BK.aspx?id=s/pu1p8Ua7tNqhN5MIi7zw68AyP9PuQ8oLFoR/T5nts=,PDF (text-searchable),Y,verified_live,200,application/pdf,
Delhi,,26,,,Final Roll,main_roll,https://ceodelhinet.nic.in/ceodelhiweb/validateUser_2002BK.aspx?id=50AnnT7lYJ76S5+//DHD/dVGL0MmN8cQ0vTpAQ158TE=,PDF (text-searchable),Y,verified_live,200,application/pdf,
Delhi,,29,NASIRPUR,82,Final Roll,main_roll,https://ceodelhinet.nic.in/ceodelhiweb/validateUser_2002BK.aspx?id=W4PqPL3Lb8ZBwEXtIUFwRptt5ikkGk1mzpZEmuSv0mc=,PDF (text-searchable),Y,verified_live,200,application/pdf,
Delhi,,3,MINTO ROAD,117,Final Roll,main_roll,https://ceodelhinet.nic.in/ceodelhiweb/validateUser_2002BK.aspx?id=xpd3xjQGdi1Tq5UpY5ovjwRVFOpod/SqZlyTOFItGG4=,PDF (text-searchable),Y,verified_live,200,application/pdf,
Delhi,,33,SAKET,107,Final Roll,main_roll,https://ceodelhinet.nic.in/ceodelhiweb/validateUser_2002BK.aspx?id=URk2upObkq2PC3NRgNd9A4Z38QLyGs4vpLmrEuY3854=,PDF (text-searchable),Y,verified_live,200,application/pdf,
Delhi,,33,SAKET,38,Final Roll,main_roll,https://ceodelhinet.nic.in/ceodelhiweb/validateUser_2002BK.aspx?id=URk2upObkq2PC3NRgNd9A+bKvRlMoiqASoS5RReQjGc=,PDF (text-searchable),Y,verified_live,200,application/pdf,
Delhi,,36,BADARPUR,60,Final Roll,main_roll,https://ceodelhinet.nic.in/ceodelhiweb/validateUser_2002BK.aspx?id=T9gt20CRNcIzkRv/v+Sf9iT7XrjN5n6J0nQeEUcI7GA=,PDF (text-searchable),Y,verified_live,200,application/pdf,
Delhi,,4,KASTURBA NAGAR,115,Final Roll,main_roll,https://ceodelhinet.nic.in/ceodelhiweb/validateUser_2002BK.aspx?id=JeOnI+kZfEZy3qqUExD9H3eC1qFvR44o5vM6cBH/YoA=,PDF (text-searchable),Y,verified_live,200,application/pdf,
Delhi,,58,,,Final Roll,main_roll,https://ceodelhinet.nic.in/ceodelhiweb/validateUser_2002BK.aspx?id=9NPl8BDeJ+M+rDJdenGUmJJml+XUuMuAOQp6SALrSTo=,PDF (text-searchable),Y,verified_live,200,application/pdf,
Delhi,,6,OKHLA,80,Final Roll,main_roll,https://ceodelhinet.nic.in/ceodelhiweb/validateUser_2002BK.aspx?id=nr4KI0XGzD285syW/EieS6v2LAdbReuIVxctqUtoG1k=,PDF (text-searchable),Y,verified_live,200,application/pdf,
Delhi,,66,PATEL NAGAR,10,Final Roll,main_roll,https://ceodelhinet.nic.in/ceodelhiweb/validateUser_2002BK.aspx?id=Hv8o/KLJvsgz27iLl9CDeRIkfZkF3VvT6nfxKYmZEzE=,PDF (text-searchable),Y,verified_live,200,application/pdf,
Delhi,,8,,,Final Roll,main_roll,https://ceodelhinet.nic.in/ceodelhiweb/validateUser_2002BK.aspx?id=9YlkFbWJddJYNxIvdVFFqNQUsj9C+IgI11I1h9ZQTUw=,PDF (text-searchable),Y,verified_live,200,application/pdf,
Delhi,,8,,,Final Roll,main_roll,https://ceodelhinet.nic.in/ceodelhiweb/validateUser_2002BK.aspx?id=9YlkFbWJddJYNxIvdVFFqLMO7XZMG/vHxl2sdQEn8B4=,PDF (text-searchable),Y,verified_live,200,application/pdf,
Delhi,,8,,,Final Roll,main_roll,https://ceodelhinet.nic.in/ceodelhiweb/validateUser_2002BK.aspx?id=9YlkFbWJddJYNxIvdVFFqAooboyM4AC/JedPMBi9DRU=,PDF (text-searchable),Y,verified_live,200,application/pdf,
Goa,,,,,Voter Count Summary (AC-wise Service Voter Count),statistics,https://ceogoa.nic.in/PDF/EROLL/VOTERCOUNT/2026/SVC/ACWise2026.pdf,PDF text-searchable,Y,verified_live,206,application/pdf,2026-02-21
Goa,North Goa,13,ST. CRUZ,,"Voter Count Summary (Gender Wise Count, all parts)",statistics,https://ceogoa.nic.in/PDF/EROLL/VOTERCOUNT/2026/AC13.pdf,PDF text-searchable,Y,verified_live,206,application/pdf,
Goa,North Goa,14,ST. ANDRE,,Draft Roll – Service Voters,service_elector_roll,https://ceogoa.nic.in/PDF/EROLL/MOTHERROLL/DRAFTROLL/2026/SVP/S05AC014SVRC.pdf,PDF text-searchable,Y,verified_live,206,application/pdf,2025-12-16
Goa,North Goa,15,CUMBARJUA,,"Voter Count Summary (Gender Wise Count, all parts)",statistics,https://ceogoa.nic.in/PDF/EROLL/VOTERCOUNT/2026/AC15.pdf,PDF text-searchable,Y,verified_live,206,application/pdf,
Goa,North Goa,18,PORIEM,,Draft Roll – Service Voters,service_elector_roll,https://ceogoa.nic.in/PDF/EROLL/MOTHERROLL/DRAFTROLL/2026/SVP/S05AC018SVRC.pdf,PDF text-searchable,Y,verified_live,206,application/pdf,2025-12-16
Goa,North Goa,19,VALPOI,,"Voter Count Summary (Gender Wise Count, all parts)",statistics,https://ceogoa.nic.in/PDF/EROLL/VOTERCOUNT/2026/AC19.pdf,PDF text-searchable,Y,verified_live,206,application/pdf,
Goa,North Goa,22,SIRODA,,Draft Roll – Service Voters,service_elector_roll,https://ceogoa.nic.in/PDF/EROLL/MOTHERROLL/DRAFTROLL/2026/SVP/S05AC022SVRC.pdf,PDF text-searchable,Y,verified_live,206,application/pdf,2025-12-16
Goa,North Goa,23,MARCAIM,,Draft Roll – Service Voters,service_elector_roll,https://ceogoa.nic.in/PDF/EROLL/MOTHERROLL/DRAFTROLL/2026/SVP/S05AC023SVRC.pdf,PDF text-searchable,Y,verified_live,206,application/pdf,2025-12-16
Goa,North Goa,24,MORMUGAO,,Draft Roll – Service Voters,service_elector_roll,https://ceogoa.nic.in/PDF/EROLL/MOTHERROLL/DRAFTROLL/2026/SVP/S05AC024SVRC.pdf,PDF text-searchable,Y,verified_live,206,application/pdf,2025-12-16
Goa,North Goa,5,MAPUSA,,Draft Roll – Service Voters,service_elector_roll,https://ceogoa.nic.in/PDF/EROLL/MOTHERROLL/DRAFTROLL/2026/SVP/S05AC005SVRC.pdf,PDF text-searchable,Y,verified_live,206,application/pdf,2025-12-16
Goa,North Goa,6,SIOLIM,,Final Roll – Service Voters,service_elector_roll,https://ceogoa.nic.in/PDF/EROLL/MOTHERROLL/FINALROLL/2026/SVP/S05AC006SVRC.pdf,PDF text-searchable,Y,verified_live,206,application/pdf,2026-02-21
Goa,South Goa,25,VASCO-DA-GAMA,,"Voter Count Summary (Gender Wise Count, all parts)",statistics,https://ceogoa.nic.in/PDF/EROLL/VOTERCOUNT/2026/AC25.pdf,PDF text-searchable,Y,verified_live,206,application/pdf,
Goa,South Goa,26,DABOLIM,,Draft Roll – Service Voters,service_elector_roll,https://ceogoa.nic.in/PDF/EROLL/MOTHERROLL/DRAFTROLL/2026/SVP/S05AC026SVRC.pdf,PDF text-searchable,Y,verified_live,206,application/pdf,2025-12-16
Goa,South Goa,26,DABOLIM,,Final Roll – Service Voters,service_elector_roll,https://ceogoa.nic.in/PDF/EROLL/MOTHERROLL/FINALROLL/2026/SVP/S05AC026SVRC.pdf,PDF text-searchable,Y,verified_live,206,application/pdf,2026-02-21
Goa,South Goa,27,CORTALIM,,Draft Roll – Service Voters,service_elector_roll,https://ceogoa.nic.in/PDF/EROLL/MOTHERROLL/DRAFTROLL/2026/SVP/S05AC027SVRC.pdf,PDF text-searchable,Y,verified_live,206,application/pdf,2025-12-16
Goa,South Goa,27,CORTALIM,,Final Roll – Service Voters,service_elector_roll,https://ceogoa.nic.in/PDF/EROLL/MOTHERROLL/FINALROLL/2026/SVP/S05AC027SVRC.pdf,PDF text-searchable,Y,verified_live,206,application/pdf,2026-02-21
Goa,South Goa,30,FATORDA,,Draft Roll – Service Voters,service_elector_roll,https://ceogoa.nic.in/PDF/EROLL/MOTHERROLL/DRAFTROLL/2026/SVP/S05AC030SVRC.pdf,PDF text-searchable,Y,verified_live,206,application/pdf,2025-12-16
Goa,South Goa,31,MARGAO,,Final Roll – Service Voters,service_elector_roll,https://ceogoa.nic.in/PDF/EROLL/MOTHERROLL/FINALROLL/2026/SVP/S05AC031SVRC.pdf,PDF text-searchable,Y,verified_live,206,application/pdf,2026-02-21
Goa,South Goa,31,MARGAO,,"Voter Count Summary (Gender Wise Count, all parts)",statistics,https://ceogoa.nic.in/PDF/EROLL/VOTERCOUNT/2026/AC31.pdf,PDF text-searchable,Y,verified_live,206,application/pdf,
Goa,South Goa,33,NAVELIM,,"Voter Count Summary (Gender Wise Count, all parts)",statistics,https://ceogoa.nic.in/PDF/EROLL/VOTERCOUNT/2026/AC33.pdf,PDF text-searchable,Y,verified_live,206,application/pdf,
Goa,South Goa,37,CURCHOREM,,Draft Roll – Service Voters,service_elector_roll,https://ceogoa.nic.in/PDF/EROLL/MOTHERROLL/DRAFTROLL/2026/SVP/S05AC037SVRC.pdf,PDF text-searchable,Y,verified_live,206,application/pdf,2025-12-16
Goa,South Goa,37,CURCHOREM,,Final Roll – Service Voters,service_elector_roll,https://ceogoa.nic.in/PDF/EROLL/MOTHERROLL/FINALROLL/2026/SVP/S05AC037SVRC.pdf,PDF text-searchable,Y,verified_live,206,application/pdf,2026-02-21
Goa,South Goa,38,SANVORDEM,,"Voter Count Summary (Gender Wise Count, all parts)",statistics,https://ceogoa.nic.in/PDF/EROLL/VOTERCOUNT/2026/AC38.pdf,PDF text-searchable,Y,verified_live,206,application/pdf,
Goa,South Goa,40,CANACONA,,Draft Roll – Service Voters,service_elector_roll,https://ceogoa.nic.in/PDF/EROLL/MOTHERROLL/DRAFTROLL/2026/SVP/S05AC040SVRC.pdf,PDF text-searchable,Y,verified_live,206,application/pdf,2025-12-16
Goa,South Goa,40,CANACONA,,Final Roll – Service Voters,service_elector_roll,https://ceogoa.nic.in/PDF/EROLL/MOTHERROLL/FINALROLL/2026/SVP/S05AC040SVRC.pdf,PDF text-searchable,Y,verified_live,206,application/pdf,2026-02-21
Gujarat,,,,,E-Roll PDF portal — entry/listing page (ASP.NET),listing_page,https://erms.gujarat.gov.in/ceogujarat/master/frmEPDFRoll.aspx,webpage form (ASP.NET WebForms; no direct file links observed),N,gated_or_listing,,,
Haryana,,,,,Supplement,supplement,https://ceoharyana.gov.in/Website/ELECTIONCOMMISSION/Images/1b367561-6fa5-40c0-8920-1b0fc144abe4.pdf,PDF,Y,not_reachable_from_sandbox,000,,
Haryana,,,,,Supplement,supplement,https://ceoharyana.gov.in/Website/ELECTIONCOMMISSION/Images/7c2aa24b-c0de-4d16-85c3-d5d934dc5186.pdf,PDF,Y,not_reachable_from_sandbox,000,,
Haryana,,,,,Supplement,supplement,https://ceoharyana.gov.in/Website/ELECTIONCOMMISSION/Images/f86949bb-c5eb-4c9d-9513-8dc697475ac6.pdf,PDF,Y,not_reachable_from_sandbox,000,,
Haryana,,,,,Supplement,supplement,https://ceoharyana.gov.in/Website/ELECTIONCOMMISSION/Images/c75ec854-5436-478c-8b47-0f3ac5aceeaf.pdf,PDF,Y,not_reachable_from_sandbox,000,,
Haryana,,,,,Supplement,supplement,https://ceoharyana.gov.in/Website/ELECTIONCOMMISSION/Images/11716002-9c1a-4637-bd1f-3355b73aa40f.pdf,PDF,Y,not_reachable_from_sandbox,000,,
Haryana,,,,,Supplement,supplement,https://ceoharyana.gov.in/Website/ELECTIONCOMMISSION/Images/07e3c70b-fddb-4756-a450-bc01befa73a2.pdf,PDF,Y,not_reachable_from_sandbox,000,,
Haryana,,,,,Supplement,supplement,https://ceoharyana.gov.in/Website/ELECTIONCOMMISSION/Images/452a0290-965f-4d26-bb78-4bcff362865c.pdf,PDF,Y,not_reachable_from_sandbox,000,,
Haryana,,,,,Supplement,supplement,https://ceoharyana.gov.in/Website/ELECTIONCOMMISSION/Images/021f5b59-93ed-4a16-be93-8caa493922d2.pdf,PDF,Y,not_reachable_from_sandbox,000,,
Haryana,,,,,Supplement,supplement,https://ceoharyana.gov.in/Website/ELECTIONCOMMISSION/Images/04313630-33b0-45aa-baa5-4ceaf63860f7.pdf,PDF,Y,not_reachable_from_sandbox,000,,
Haryana,,,,,Supplement,supplement,https://ceoharyana.gov.in/Website/ELECTIONCOMMISSION/Images/cb18b13e-aaff-4b78-838e-79bcefe5fcbd.pdf,PDF,Y,not_reachable_from_sandbox,000,,
Karnataka,,144,SRINIVASPUR,,Final Roll - service electors,service_elector_roll,https://ceo.karnataka.gov.in/uploads/17971736146520.pdf,PDF (text extractable per search index),Y,not_reachable_from_sandbox,000,,"2025-12-31 (unverified, computed from search-index 'Last Updated: 267 days ago')"
Karnataka,,191,NAGAMANGALA,,Draft Roll - service electors,service_elector_roll,https://ceo.karnataka.gov.in/uploads/13361729852676.pdf,PDF (text extractable per search index),Y,not_reachable_from_sandbox,000,,"2025-12-31 (unverified, computed from search-index 'Last Updated: 267 days ago')"
Karnataka,,32,INDI,,Final Roll - service electors,service_elector_roll,https://ceo.karnataka.gov.in/uploads/39331736146359.pdf,PDF (text extractable per search index),Y,not_reachable_from_sandbox,000,,"2025-12-31 (unverified, computed from search-index 'Last Updated: 267 days ago')"
Karnataka,,60,KUSHTAGI,,Draft Roll - service electors,service_elector_roll,https://ceo.karnataka.gov.in/uploads/24041729852528.pdf,PDF (text extractable per search index),Y,not_reachable_from_sandbox,000,,"2025-12-31 (unverified, computed from search-index 'Last Updated: 267 days ago')"
Karnataka,,65,SHIRAHATTI,,Draft Roll - service electors,service_elector_roll,https://ceo.karnataka.gov.in/uploads/82051729852554.pdf,PDF (text extractable per search index),Y,not_reachable_from_sandbox,000,,"2025-12-31 (unverified, computed from search-index 'Last Updated: 267 days ago')"
Karnataka,,86,HIREKERUR,,Draft Roll - service electors,service_elector_roll,https://ceo.karnataka.gov.in/uploads/86381729852572.pdf,PDF (text extractable per search index),Y,not_reachable_from_sandbox,000,,"2025-12-31 (unverified, computed from search-index 'Last Updated: 267 days ago')"
Karnataka,BELGAUM,4,KAGWAD,,Draft Roll - service electors,service_elector_roll,https://ceo.karnataka.gov.in/uploads/84471729852483.pdf,PDF (text extractable per search index),Y,not_reachable_from_sandbox,000,,"2025-12-31 (unverified, computed from search-index 'Last Updated: 267 days ago')"
Karnataka,BELGAUM,6,RAYBAG,,Draft Roll - service electors,service_elector_roll,https://ceo.karnataka.gov.in/uploads/35171729852483.pdf,PDF (text extractable per search index),Y,not_reachable_from_sandbox,000,,"2025-12-31 (unverified, computed from search-index 'Last Updated: 267 days ago')"
Karnataka,BELGAUM,7,HUKKERI,,Draft Roll - service electors,service_elector_roll,https://ceo.karnataka.gov.in/uploads/68021729852483.pdf,PDF (text extractable per search index),Y,not_reachable_from_sandbox,000,,"2025-12-31 (unverified, computed from search-index 'Last Updated: 267 days ago')"
Kerala,,,,,SIR 2026 – Final electorate aggregate (district x AC male/female/third-gender counts),statistics,https://www.ceo.kerala.gov.in/uploads/sir-2026/final_electorate_sir_2026.pdf,PDF (text-searchable),Y,verified_live,206,application/pdf,23-12-2025
Kerala,,,,,"Instruction document (SIR-2002 name-search how-to, Malayalam)",instruction,https://www.ceo.kerala.gov.in/uploads/Name-Search-Instructions-SIR-2002.pdf,PDF (text-searchable),Y,verified_live,206,application/pdf,
Kerala,Alappuzha,105,AMBALAPUZHA,,SIR 2026 – Electors Movement Request,claims_objections,https://www.ceo.kerala.gov.in/uploads/voters-movement/AC105.pdf,PDF (text-searchable),Y,verified_live,206,application/pdf,16-12-2025
Kerala,Alappuzha,106,KUTTANAD,,SIR 2026 – Electors Movement Request,claims_objections,https://www.ceo.kerala.gov.in/uploads/voters-movement/AC106.pdf,PDF (text-searchable),Y,verified_live,206,application/pdf,11-12-2025
Kerala,Ernakulam,77,KALAMASSERY,,"Objections list (Form 10, Nov 2024 revision)",claims_objections,https://www.ceo.kerala.gov.in/ceokerala/pdf/statutory-forms/06-11-2024/FORM10/S11A77_form10.pdf,PDF (text-searchable),Y,verified_live,206,application/pdf,06-11-2024
Kerala,Ernakulam,78,PARAVUR,,"Final Roll (Service Electors, 2017)",service_elector_roll,http://www.ceo.kerala.gov.in:80/pdf/serviceelectors/AC078.pdf,PDF (text-searchable),Y,verified_live,206,application/pdf,10-01-2017
Kerala,Ernakulam,78,PARAVUR,,"Objections list (Form 10, Nov 2024 revision)",claims_objections,https://www.ceo.kerala.gov.in/ceokerala/pdf/statutory-forms/11-11-2024/FORM10/S11A78_form10.pdf,PDF (text-searchable),Y,verified_live,206,application/pdf,11-11-2024
Kerala,Ernakulam,80,KOCHI,,"Objections list (Form 10, Nov 2024 revision)",claims_objections,https://www.ceo.kerala.gov.in/ceokerala/pdf/statutory-forms/08-11-2024/FORM10/S11A80_form10.pdf,PDF (text-searchable),Y,verified_live,206,application/pdf,08-11-2024
Kerala,Ernakulam,81,THRIPUNITHURA,,"Objections list (Form 10, SSR 2023 revision)",claims_objections,https://www.ceo.kerala.gov.in/pdf/SSR2023_CLAIMS/form10/S11A81_form10.pdf,PDF (text-searchable),Y,verified_live,206,application/pdf,09-12-2023
Kerala,Idukki,90,THODUPUZHA,,SIR 2026 – Electors Movement Request,claims_objections,https://www.ceo.kerala.gov.in/uploads/voters-movement/AC090.pdf,PDF (text-searchable),Y,verified_live,206,application/pdf,11-12-2025
Kerala,Idukki,90,THODUPUZHA,,"SIR 2026 – Claims list (Form 11A, address shifting within constituency)",claims_objections,https://www.ceo.kerala.gov.in/uploads/sir-2026/list-claims/10-01-2026/form11a/form11a-S1109-90-2026-01-10-report.pdf,PDF (text-searchable),Y,verified_live,206,application/pdf,10-01-2026
Kerala,Idukki,90,THODUPUZHA,,"Objections list (Form 10, Nov 2024 revision)",claims_objections,https://www.ceo.kerala.gov.in/ceokerala/pdf/statutory-forms/08-11-2024/FORM10/S11A90_form10.pdf,PDF (text-searchable),Y,verified_live,206,application/pdf,08-11-2024
Kerala,Idukki,92,PEERUMADE,,"Final Roll (Service Electors, 2017, Supplement List 2)",supplement,http://www.ceo.kerala.gov.in:80/pdf/serviceelectors/AC092_sl02.pdf,PDF (text-searchable),Y,verified_live,206,application/pdf,10-01-2017
Kerala,Kannur,14,KUTHUPARAMBA,,"SIR 2026 – Claims list (Form 9, inclusion applications)",claims_objections,https://www.ceo.kerala.gov.in/uploads/sir-2026/list-claims/16-01-2026/form9/form9-S1102-14-2026-01-16-report.pdf,PDF (text-searchable),Y,verified_live,206,application/pdf,16-01-2026
Kerala,Kannur,6,PAYYANNUR,,"Final Roll (Service Electors, 2017)",service_elector_roll,https://ceo.kerala.gov.in/pdf/serviceelectors/AC006.pdf,PDF (text-searchable),Y,verified_live,206,application/pdf,10-01-2017
Kerala,Kannur,7,KALLIASSERI,,"Final Roll (Service Electors, 2017, Supplement List 2)",supplement,http://www.ceo.kerala.gov.in:80/pdf/serviceelectors/AC007_sl02.pdf,PDF (text-searchable),Y,verified_live,206,application/pdf,10-01-2017
Kerala,Kasaragod,2,KASARAGOD,,SIR 2026 – Electors Movement Request,claims_objections,https://www.ceo.kerala.gov.in/uploads/voters-movement/AC002.pdf,PDF (text-searchable),Y,verified_live,206,application/pdf,16-12-2025
Kerala,Kasaragod,3,UDMA,,"SIR 2026 – Claims list (Form 9, inclusion applications)",claims_objections,https://www.ceo.kerala.gov.in/uploads/sir-2026/list-claims/25-01-2026/form9/form9-S1101-3-2026-01-25-report.pdf,PDF (text-searchable),Y,verified_live,206,application/pdf,25-01-2026
Kerala,Kasaragod,5,TRIKARIPUR,,"Final Roll (Service Electors, 2017)",service_elector_roll,http://www.ceo.kerala.gov.in/pdf/serviceelectors/AC005.pdf,PDF (text-searchable),Y,verified_live,206,application/pdf,10-01-2017
Kerala,Kollam,119,KOTTARAKKARA,,SIR 2026 – Electors Movement Report (part/section-wise),claims_objections,https://www.ceo.kerala.gov.in/uploads/voters-movement/AC119.pdf,PDF (text-searchable),Y,verified_live,206,application/pdf,08-12-2025
Kerala,Kollam,126,CHATHANNUR,,"Objections list (Form 10, Nov 2024 revision)",claims_objections,https://www.ceo.kerala.gov.in/ceokerala/pdf/statutory-forms/26-11-2024/FORM10/S11A126_form10.pdf,PDF (text-searchable),Y,verified_live,206,application/pdf,26-11-2024
Kerala,Kottayam,101,POONJAR,,SIR 2026 – Electors Movement Request,claims_objections,https://www.ceo.kerala.gov.in/uploads/voters-movement/AC101.pdf,PDF (text-searchable),Y,verified_live,206,application/pdf,16-12-2025
Kerala,Kottayam,97,KOTTAYAM,,"Objections list (Form 10, SSR 2023 revision)",claims_objections,https://www.ceo.kerala.gov.in/pdf/SSR2023_CLAIMS/form10/S11A97_form10.pdf,PDF (text-searchable),Y,verified_live,206,application/pdf,09-12-2023
Kerala,Malappuram,36,WANDOOR,,"Objections list (Form 10, Nov 2024 revision)",claims_objections,https://www.ceo.kerala.gov.in/ceokerala/pdf/statutory-forms/04-11-2024/FORM10/S11A36_form10.pdf,PDF (text-searchable),Y,verified_live,206,application/pdf,04-11-2024
Kerala,Malappuram,40,MALAPPURAM,,SIR 2026 – Electors Movement Request,claims_objections,https://www.ceo.kerala.gov.in/uploads/voters-movement/AC040.pdf,PDF (text-searchable),Y,verified_live,206,application/pdf,18-12-2025
Kerala,Malappuram,48,PONNANI,,SIR 2026 – Electors Movement Request,claims_objections,https://www.ceo.kerala.gov.in/uploads/voters-movement/AC048.pdf,PDF (text-searchable),Y,verified_live,206,application/pdf,15-12-2025
Kerala,Palakkad,60,ALATHUR,,"SIR 2026 – Claims list (Form 9, inclusion applications)",claims_objections,https://www.ceo.kerala.gov.in/uploads/sir-2026/list-claims/10-01-2026/form9/form9-S1106-60-2026-01-10-report.pdf,PDF (text-searchable),Y,verified_live,206,application/pdf,10-01-2026
Kerala,Pathanamthitta,111,THIRUVALLA,,"Final Roll (Service Electors, 2017)",service_elector_roll,http://ceo.kerala.gov.in/pdf/serviceelectors/AC111.pdf,PDF (text-searchable),Y,verified_live,206,application/pdf,10-01-2017
Kerala,Pathanamthitta,114,KONNI,,"Objections list (Form 10, Nov 2024 revision)",claims_objections,https://www.ceo.kerala.gov.in/ceokerala/pdf/statutory-forms/08-11-2024/FORM10/S11A114_form10.pdf,PDF (text-searchable),Y,verified_live,206,application/pdf,08-11-2024
Kerala,Thiruvananthapuram,135,NEMOM,,"Objections list (Form 10, Nov 2024 revision)",claims_objections,https://www.ceo.kerala.gov.in/ceokerala/pdf/statutory-forms/02-11-2024/FORM10/S11A135_form10.pdf,PDF (text-searchable),Y,verified_live,206,application/pdf,02-11-2024
Kerala,Thiruvananthapuram,137,PARASSALA,,"SIR 2026 – Claims list (Form 11A, address shifting within constituency)",claims_objections,https://www.ceo.kerala.gov.in/uploads/sir-2026/list-claims/10-01-2026/form11a/form11a-S1114-137-2026-01-10-report.pdf,PDF (text-searchable),Y,verified_live,206,application/pdf,10-01-2026
Kerala,Thiruvananthapuram,138,KATTAKKADA,,"Objections list (Form 10, Nov 2024 revision)",claims_objections,https://www.ceo.kerala.gov.in/ceokerala/pdf/statutory-forms/05-11-2024/FORM10/S11A138_form10.pdf,PDF (text-searchable),Y,verified_live,206,application/pdf,05-11-2024
Kerala,Thiruvananthapuram,140,NEYYATTINKARA,,SIR 2026 – Electors Movement Request,claims_objections,https://www.ceo.kerala.gov.in/uploads/voters-movement/AC140.pdf,PDF (text-searchable),Y,verified_live,206,application/pdf,14-12-2025
Kerala,Thrissur,70,IRINJALAKKUDA,,"SIR 2026 – Objections list (Form 10, objections to inclusion)",claims_objections,https://www.ceo.kerala.gov.in/uploads/sir-2026/list-claims/10-01-2026/form10/form10-S1107-70-2026-01-10-report.pdf,PDF (text-searchable),Y,verified_live,206,application/pdf,10-01-2026
Kerala,Wayanad,17,MANANTHAVADY,,SIR 2026 – Electors Movement Request,claims_objections,https://www.ceo.kerala.gov.in/uploads/voters-movement/AC017.pdf,PDF (text-searchable),Y,verified_live,206,application/pdf,15-12-2025
Madhya Pradesh,,,,,Supplement (Draft Roll 2026 – total parts summary per AC),supplement,https://ceoelection.mp.gov.in/Links/DraftRollTotalParts2026.pdf,PDF text-searchable,Y,not_reachable_from_sandbox,000,,
Madhya Pradesh,,,,,Supplement (SIR daily bulletin – claims & objections statistics),statistics,https://ceoelection.mp.gov.in/SIR2003/Daily Bulletin-29.12.2025.pdf,PDF text-searchable,Y,not_reachable_from_sandbox,000,,2025-12-29
Madhya Pradesh,,,,,Supplement (SIR daily bulletin – claims & objections statistics),statistics,https://ceoelection.mp.gov.in/SIR2003/Daily Bulletin-02.01.2026.pdf,PDF text-searchable,Y,not_reachable_from_sandbox,000,,2026-01-02
Madhya Pradesh,,,,,Supplement (SIR daily bulletin – claims & objections statistics),statistics,https://ceoelection.mp.gov.in/SIR2003/Daily Bulletin-05.01.2026.pdf,PDF text-searchable,Y,not_reachable_from_sandbox,000,,2026-01-05
Madhya Pradesh,,,,,Supplement (SIR daily bulletin – claims & objections statistics),statistics,https://ceoelection.mp.gov.in/SIR2003/Daily Bulletin-06.01.2026.pdf,PDF text-searchable,Y,not_reachable_from_sandbox,000,,2026-01-06
Madhya Pradesh,,,,,Supplement (SIR daily bulletin – claims & objections statistics),statistics,https://ceoelection.mp.gov.in/SIR2003/Daily Bulletin-11.01.2026.pdf,PDF text-searchable,Y,not_reachable_from_sandbox,000,,2026-01-11
Madhya Pradesh,,,,,Supplement (SIR daily bulletin – claims & objections statistics),statistics,https://ceoelection.mp.gov.in/SIR2003/Daily Bulletin-17.01.2026.pdf,PDF text-searchable,Y,not_reachable_from_sandbox,000,,2026-01-17
Madhya Pradesh,,,,,Supplement (SIR daily bulletin – claims & objections statistics),statistics,https://ceoelection.mp.gov.in/SIR2003/Daily Bulletin-19.01.2026.pdf,PDF text-searchable,Y,not_reachable_from_sandbox,000,,2026-01-19
Madhya Pradesh,,,,,Supplement (SIR daily bulletin – claims & objections statistics),statistics,https://ceoelection.mp.gov.in/SIR2003/Daily Bulletin-20.01.2026.pdf,PDF text-searchable,Y,not_reachable_from_sandbox,000,,2026-01-20
Madhya Pradesh,Balaghat,111,BALAGHAT,,Final Roll – Service Voter (2026),service_elector_roll,https://ceoelection.mp.gov.in/PDF_Service_Voter/A111.pdf,PDF text-searchable,Y,not_reachable_from_sandbox,000,,2026-02-21
Madhya Pradesh,Betul,130,AMLA,,Final Roll – Service Voter (2026),service_elector_roll,https://ceoelection.mp.gov.in/PDF_Service_Voter/A130.pdf,PDF text-searchable,Y,not_reachable_from_sandbox,000,,2026-02-21
Madhya Pradesh,Betul,131,BETUL,,Final Roll – Service Voter (2026),service_elector_roll,https://ceoelection.mp.gov.in/PDF_Service_Voter/A131.pdf,PDF text-searchable,Y,not_reachable_from_sandbox,000,,2026-02-21
Madhya Pradesh,Betul,132,GHODADONGRI,,Final Roll – Service Voter (2026),service_elector_roll,https://ceoelection.mp.gov.in/PDF_Service_Voter/A132.pdf,PDF text-searchable,Y,not_reachable_from_sandbox,000,,2026-02-21
Madhya Pradesh,Betul,133,BHAINSDEHI,,Final Roll – Service Voter (2026),service_elector_roll,https://ceoelection.mp.gov.in/PDF_Service_Voter/A133.pdf,PDF text-searchable,Y,not_reachable_from_sandbox,000,,2026-02-21
Madhya Pradesh,Bhind,11,LAHAR,,Final Roll – Service Voter (2026),service_elector_roll,https://ceoelection.mp.gov.in/PDF_Service_Voter/A11.pdf,PDF text-searchable,Y,not_reachable_from_sandbox,000,,2026-02-21
Madhya Pradesh,Bhind,13,GOHAD,,Final Roll – Service Voter (2026),service_elector_roll,https://ceoelection.mp.gov.in/PDF_Service_Voter/A13.pdf,PDF text-searchable,Y,not_reachable_from_sandbox,000,,2026-02-21
Madhya Pradesh,Bhopal,151,NARELA,,Final Roll – Service Voter (2026),service_elector_roll,https://ceoelection.mp.gov.in/PDF_Service_Voter/A151.pdf,PDF text-searchable,Y,not_reachable_from_sandbox,000,,2026-02-21
Madhya Pradesh,Bhopal,153,BHOPAL MADHYA,,Final Roll – Service Voter (2026),service_elector_roll,https://ceoelection.mp.gov.in/PDF_Service_Voter/A153.pdf,PDF text-searchable,Y,not_reachable_from_sandbox,000,,2026-02-21
Madhya Pradesh,Bhopal,154,GOVINDPURA,,Final Roll – Service Voter (2026),service_elector_roll,https://ceoelection.mp.gov.in/PDF_Service_Voter/A154.pdf,PDF text-searchable,Y,not_reachable_from_sandbox,000,,2026-02-21
Madhya Pradesh,Bhopal,155,HUZUR,,Final Roll – Service Voter (2026),service_elector_roll,https://ceoelection.mp.gov.in/PDF_Service_Voter/A155.pdf,PDF text-searchable,Y,not_reachable_from_sandbox,000,,2026-02-21
Madhya Pradesh,Burhanpur,179,NEPANAGAR,,Final Roll – Service Voter (2026),service_elector_roll,https://ceoelection.mp.gov.in/PDF_Service_Voter/A179.pdf,PDF text-searchable,Y,not_reachable_from_sandbox,000,,2026-02-21
Madhya Pradesh,Chhindwara,126,CHHINDWARA,,Final Roll – Service Voter (2026),service_elector_roll,https://ceoelection.mp.gov.in/PDF_Service_Voter/A126.pdf,PDF text-searchable,Y,not_reachable_from_sandbox,000,,2026-02-21
Madhya Pradesh,Dewas,171,DEWAS,,Final Roll – Service Voter (2026),service_elector_roll,https://ceoelection.mp.gov.in/PDF_Service_Voter/A171.pdf,PDF text-searchable,Y,not_reachable_from_sandbox,000,,2026-02-21
Madhya Pradesh,Dewas,172,HATPIPLIYA,,Final Roll – Service Voter (2026),service_elector_roll,https://ceoelection.mp.gov.in/PDF_Service_Voter/A172.pdf,PDF text-searchable,Y,not_reachable_from_sandbox,000,,2026-02-21
Madhya Pradesh,Dindori,104,DINDORI,,Final Roll – Service Voter (2026),service_elector_roll,https://ceoelection.mp.gov.in/PDF_Service_Voter/A104.pdf,PDF text-searchable,Y,not_reachable_from_sandbox,000,,2026-02-21
Madhya Pradesh,Gwalior,15,GWALIOR,,Final Roll – Service Voter (2026),service_elector_roll,https://ceoelection.mp.gov.in/PDF_Service_Voter/A15.pdf,PDF text-searchable,Y,not_reachable_from_sandbox,000,,2026-02-21
Madhya Pradesh,Gwalior,16,GWALIOR EAST,,Final Roll – Service Voter (2026),service_elector_roll,https://ceoelection.mp.gov.in/PDF_Service_Voter/A16.pdf,PDF text-searchable,Y,not_reachable_from_sandbox,000,,2026-02-21
Madhya Pradesh,Gwalior,19,DABARA,,Final Roll – Service Voter (2026),service_elector_roll,https://ceoelection.mp.gov.in/PDF_Service_Voter/A19.pdf,PDF text-searchable,Y,not_reachable_from_sandbox,000,,2026-02-21
Madhya Pradesh,Khandwa,177,KHANDWA,,Final Roll – Service Voter (2026),service_elector_roll,https://ceoelection.mp.gov.in/PDF_Service_Voter/A177.pdf,PDF text-searchable,Y,not_reachable_from_sandbox,000,,2026-02-21
Madhya Pradesh,Mandla,107,MANDLA,,Final Roll – Service Voter (2026),service_elector_roll,https://ceoelection.mp.gov.in/PDF_Service_Voter/A107.pdf,PDF text-searchable,Y,not_reachable_from_sandbox,000,,2026-02-21
Madhya Pradesh,Mauganj,71,MAUGANJ,,Final Roll – Service Voter (2026),service_elector_roll,https://ceoelection.mp.gov.in/PDF_Service_Voter/A71.pdf,PDF text-searchable,Y,not_reachable_from_sandbox,000,,2026-02-21
Madhya Pradesh,Mauganj,72,DEOTALAB,,Final Roll – Service Voter (2026),service_elector_roll,https://ceoelection.mp.gov.in/PDF_Service_Voter/A72.pdf,PDF text-searchable,Y,not_reachable_from_sandbox,000,,2026-02-21
Madhya Pradesh,Morena,7,DIMANI,,Final Roll – Service Voter (2026),service_elector_roll,https://ceoelection.mp.gov.in/PDF_Service_Voter/A7.pdf,PDF text-searchable,Y,not_reachable_from_sandbox,000,,2026-02-21
Madhya Pradesh,Narmadapuram,137,HOSHANGABAD,,Final Roll – Service Voter (2026),service_elector_roll,https://ceoelection.mp.gov.in/PDF_Service_Voter/A137.pdf,PDF text-searchable,Y,not_reachable_from_sandbox,000,,2026-02-21
Madhya Pradesh,Narsinghpur,118,GOTEGAON,,Final Roll – Service Voter (2026),service_elector_roll,https://ceoelection.mp.gov.in/PDF_Service_Voter/A118.pdf,PDF text-searchable,Y,not_reachable_from_sandbox,000,,2026-02-21
Madhya Pradesh,Neemuch,230,JAWAD,,Final Roll – Service Voter (2026),service_elector_roll,https://ceoelection.mp.gov.in/PDF_Service_Voter/A230.pdf,PDF text-searchable,Y,not_reachable_from_sandbox,000,,2026-02-21
Madhya Pradesh,Niwari,45,PRITHVIPUR,,Final Roll – Service Voter (2026),service_elector_roll,https://ceoelection.mp.gov.in/PDF_Service_Voter/A45.pdf,PDF text-searchable,Y,not_reachable_from_sandbox,000,,2026-02-21
Madhya Pradesh,Rewa,69,SEMARIYA,,Final Roll – Service Voter (2026),service_elector_roll,https://ceoelection.mp.gov.in/PDF_Service_Voter/A69.pdf,PDF text-searchable,Y,not_reachable_from_sandbox,000,,2026-02-21
Madhya Pradesh,Rewa,74,REWA,,Final Roll – Service Voter (2026),service_elector_roll,https://ceoelection.mp.gov.in/PDF_Service_Voter/A74.pdf,PDF text-searchable,Y,not_reachable_from_sandbox,000,,2026-02-21
Madhya Pradesh,Sagar,40,NARYAWALI,,Final Roll – Service Voter (2026),service_elector_roll,https://ceoelection.mp.gov.in/PDF_Service_Voter/A40.pdf,PDF text-searchable,Y,not_reachable_from_sandbox,000,,2026-02-21
Madhya Pradesh,Sagar,41,SAGAR,,Final Roll – Service Voter (2026),service_elector_roll,https://ceoelection.mp.gov.in/PDF_Service_Voter/A41.pdf,PDF text-searchable,Y,not_reachable_from_sandbox,000,,2026-02-21
Madhya Pradesh,Satna,63,SATNA,,Final Roll – Service Voter (2026),service_elector_roll,https://ceoelection.mp.gov.in/PDF_Service_Voter/A63.pdf,PDF text-searchable,Y,not_reachable_from_sandbox,000,,2026-02-21
Madhya Pradesh,Sehore,157,ASHTA,,Final Roll – Service Voter (2026),service_elector_roll,https://ceoelection.mp.gov.in/PDF_Service_Voter/A157.pdf,PDF text-searchable,Y,not_reachable_from_sandbox,000,,2026-02-21
Madhya Pradesh,Sehore,159,SEHORE,,Final Roll – Service Voter (2026),service_elector_roll,https://ceoelection.mp.gov.in/PDF_Service_Voter/A159.pdf,PDF text-searchable,Y,not_reachable_from_sandbox,000,,2026-02-21
Madhya Pradesh,Seoni,114,BARGHAT,,Final Roll – Service Voter (2026),service_elector_roll,https://ceoelection.mp.gov.in/PDF_Service_Voter/A114.pdf,PDF text-searchable,Y,not_reachable_from_sandbox,000,,2026-02-21
Madhya Pradesh,Shahdol,83,BEOHARI,,Final Roll – Service Voter (2026),service_elector_roll,https://ceoelection.mp.gov.in/PDF_Service_Voter/A83.pdf,PDF text-searchable,Y,not_reachable_from_sandbox,000,,2026-02-21
Madhya Pradesh,Shivpuri,23,KARERA,,Final Roll – Service Voter (2026),service_elector_roll,https://ceoelection.mp.gov.in/PDF_Service_Voter/A23.pdf,PDF text-searchable,Y,not_reachable_from_sandbox,000,,2026-02-21
Madhya Pradesh,Shivpuri,24,POHARI,,Final Roll – Service Voter (2026),service_elector_roll,https://ceoelection.mp.gov.in/PDF_Service_Voter/A24.pdf,PDF text-searchable,Y,not_reachable_from_sandbox,000,,2026-02-21
Maharashtra,Bhandara,,Nagpur Division Graduates' Constituency,151,Draft Roll (MLC Graduates 2026),council_roll,https://ceoelection.maharashtra.gov.in/ConstituencyRolls/Nagpur/Bhandara/Graduates/English/PART151_EN.pdf,"PDF (text-searchable, English)",Y,not_reachable_from_sandbox,000,,2025-12-03
Maharashtra,Bhandara,,Nagpur Division Graduates' Constituency,155,Draft Roll (MLC Graduates 2026),council_roll,https://ceoelection.maharashtra.gov.in/ConstituencyRolls/Nagpur/Bhandara/Graduates/English/PART155_EN.pdf,"PDF (text-searchable, English)",Y,not_reachable_from_sandbox,000,,2025-12-03
Maharashtra,Dharashiv,,Aurangabad Division Graduates' Constituency,583,Final Roll (MLC Graduates 2026),council_roll,https://ceoelection.maharashtra.gov.in/ConstituencyRollsFinal/Aurangabad/Dharashiv/Graduates/English/PART583_EN.pdf,"PDF (text-searchable, English)",Y,not_reachable_from_sandbox,000,,2026-01-12
Maharashtra,Hingoli,,Aurangabad Division Graduates' Constituency,327,Final Roll (MLC Graduates 2026),council_roll,https://ceoelection.maharashtra.gov.in/ConstituencyRollsFinal/Aurangabad/Hingoli/Graduates/English/PART327_EN.pdf,"PDF (text-searchable, English)",Y,not_reachable_from_sandbox,000,,2026-01-12
Maharashtra,Nagpur,,Nagpur Division Graduates' Constituency,112,Final Roll (MLC Graduates 2026),council_roll,https://ceoelection.maharashtra.gov.in/ConstituencyRollsFinal/Nagpur/Nagpur/Graduates/English/PART112_EN.pdf,"PDF (text-searchable, English)",Y,not_reachable_from_sandbox,000,,2026-01-12
Maharashtra,Nagpur,,Nagpur Division Graduates' Constituency,13,Draft Roll (MLC Graduates 2026),council_roll,https://ceoelection.maharashtra.gov.in/ConstituencyRolls/Nagpur/Nagpur/Graduates/English/PART13_EN.pdf,"PDF (text-searchable, English)",Y,not_reachable_from_sandbox,000,,2025-12-03
Maharashtra,Nagpur,,Nagpur Division Graduates' Constituency,15,Draft Roll (MLC Graduates 2026),council_roll,https://ceoelection.maharashtra.gov.in/ConstituencyRolls/Nagpur/Nagpur/Graduates/English/PART15_EN.pdf,"PDF (text-searchable, English)",Y,not_reachable_from_sandbox,000,,2025-12-03
Maharashtra,Nagpur,,Nagpur Division Graduates' Constituency,42,Final Roll (MLC Graduates 2026),council_roll,https://ceoelection.maharashtra.gov.in/ConstituencyRollsFinal/Nagpur/Nagpur/Graduates/English/PART42_EN.pdf,"PDF (text-searchable, English)",Y,not_reachable_from_sandbox,000,,2026-01-12
Maharashtra,Nagpur,,Nagpur Division Graduates' Constituency,44,Draft Roll (MLC Graduates 2026),council_roll,https://ceoelection.maharashtra.gov.in/ConstituencyRolls/Nagpur/Nagpur/Graduates/English/PART44_EN.pdf,"PDF (text-searchable, English)",Y,not_reachable_from_sandbox,000,,2025-12-03
Maharashtra,Nanded,,Aurangabad Division Graduates' Constituency,413,Final Roll (MLC Graduates 2026),council_roll,https://ceoelection.maharashtra.gov.in/ConstituencyRollsFinal/Aurangabad/Nanded/Graduates/English/PART413_EN.pdf,"PDF (text-searchable, English)",Y,not_reachable_from_sandbox,000,,2026-01-12
Maharashtra,Pune,,Pune Division Teachers' Constituency,100,Draft Roll (MLC Teachers 2026),council_roll,https://ceoelection.maharashtra.gov.in/ConstituencyRolls/Pune/Pune/Teachers/English/PART100_EN.pdf,"PDF (text-searchable, English)",Y,not_reachable_from_sandbox,000,,2025-12-03
Maharashtra,Pune,,Pune Division Graduates' Constituency,72,Final Roll (MLC Graduates 2026),council_roll,https://ceoelection.maharashtra.gov.in/ConstituencyRollsFinal/Pune/Pune/Graduates/English/PART72_EN.pdf,"PDF (text-searchable, English)",Y,not_reachable_from_sandbox,000,,2026-01-12
Maharashtra,Sangli,,Pune Division Teachers' Constituency,224,Draft Roll (MLC Teachers 2026),council_roll,https://ceoelection.maharashtra.gov.in/ConstituencyRolls/Pune/Sangli/Teachers/English/PART224_EN.pdf,"PDF (text-searchable, English)",Y,not_reachable_from_sandbox,000,,2025-12-03
Maharashtra,Satara,,Pune Division Teachers' Constituency,178,Draft Roll (MLC Teachers 2026),council_roll,https://ceoelection.maharashtra.gov.in/ConstituencyRolls/Pune/Satara/Teachers/English/PART178_EN.pdf,"PDF (text-searchable, English)",Y,not_reachable_from_sandbox,000,,2025-12-03
Maharashtra,Satara,,Pune Division Teachers' Constituency,196,Draft Roll (MLC Teachers 2026),council_roll,https://ceoelection.maharashtra.gov.in/ConstituencyRolls/Pune/Satara/Teachers/English/PART196_EN.pdf,"PDF (text-searchable, English)",Y,not_reachable_from_sandbox,000,,2025-12-03
Maharashtra,Satara,,Pune Division Teachers' Constituency,213,Draft Roll (MLC Teachers 2026),council_roll,https://ceoelection.maharashtra.gov.in/ConstituencyRolls/Pune/Satara/Teachers/English/PART213_EN.pdf,"PDF (text-searchable, English)",Y,not_reachable_from_sandbox,000,,2025-12-03
Maharashtra,Solapur,,Pune Division Teachers' Constituency,133,Draft Roll (MLC Teachers 2026),council_roll,https://ceoelection.maharashtra.gov.in/ConstituencyRolls/Pune/Solapur/Teachers/English/PART133_EN.pdf,"PDF (text-searchable, English)",Y,not_reachable_from_sandbox,000,,2025-12-03
Manipur,Bishnupur,26,BISHENPUR (GEN),,Final Roll (Service Voters),service_elector_roll,https://ceomanipur.nic.in/eroll_manipur/serviceElector/S14AC026SVRC.pdf,PDF (text-searchable),Y,verified_live,206,application/pdf,2025-01-06
Manipur,Bishnupur,29,KUMBI (GEN),,Final Roll (Service Voters),service_elector_roll,https://ceomanipur.nic.in/eroll_manipur/serviceElector/S14AC029SVRC.pdf,PDF (text-searchable),Y,verified_live,206,application/pdf,2025-01-06
Manipur,Chandel,41,CHANDEL (ST),,Final Roll (Service Voters),service_elector_roll,https://ceomanipur.nic.in/eroll_manipur/serviceElector/S14AC041SVRC.pdf,PDF (text-searchable),Y,verified_live,206,application/pdf,2025-01-06
Manipur,Imphal East,3,KHURAI (GEN),,Final Roll (Service Voters),service_elector_roll,https://ceomanipur.nic.in/eroll_manipur/serviceElector/S14AC003SVRC.pdf,PDF (text-searchable),Y,verified_live,206,application/pdf,2025-01-06
Manipur,Imphal East,5,THONGJU (GEN),,Final Roll (Service Voters),service_elector_roll,https://ceomanipur.nic.in/eroll_manipur/serviceElector/S14AC005SVRC.pdf,PDF (text-searchable),Y,verified_live,206,application/pdf,2025-01-06
Manipur,Imphal West,16,SEKMAI (SC),,Final Roll (Service Voters),service_elector_roll,https://ceomanipur.nic.in/eroll_manipur/serviceElector/S14AC016SVRC.pdf,PDF (text-searchable),Y,verified_live,206,application/pdf,2025-01-06
Manipur,Kakching,36,WABGAI (GEN),,Final Roll (Service Voters),service_elector_roll,https://ceomanipur.nic.in/eroll_manipur/serviceElector/S14AC036SVRC.pdf,PDF (text-searchable),Y,verified_live,206,application/pdf,2025-01-06
Manipur,Senapati,47,KARONG (ST),,Final Roll (Service Voters),service_elector_roll,https://ceomanipur.nic.in/eroll_manipur/serviceElector/S14AC047SVRC.pdf,PDF (text-searchable),Y,verified_live,206,application/pdf,2025-01-06
Manipur,Senapati,48,MAO (ST),,Final Roll (Service Voters),service_elector_roll,https://ceomanipur.nic.in/eroll_manipur/serviceElector/S14AC048SVRC.pdf,PDF (text-searchable),Y,verified_live,206,application/pdf,2025-01-06
Manipur,Thoubal,32,WANGKHEM (GEN),,Final Roll (Service Voters),service_elector_roll,https://ceomanipur.nic.in/eroll_manipur/serviceElector/S14AC032SVRC.pdf,PDF (text-searchable),Y,verified_live,206,application/pdf,2025-01-06
Manipur,Thoubal,33,HEIROK (GEN),,Final Roll (Service Voters),service_elector_roll,https://ceomanipur.nic.in/eroll_manipur/serviceElector/S14AC033SVRC.pdf,PDF (text-searchable),Y,verified_live,206,application/pdf,2025-01-06
Manipur,Thoubal,35,KHANGABOK (GEN),,Final Roll (Service Voters),service_elector_roll,https://ceomanipur.nic.in/eroll_manipur/serviceElector/S14AC035SVRC.pdf,PDF (text-searchable),Y,verified_live,206,application/pdf,2025-01-06
Manipur,Ukhrul,44,UKHRUL (ST),,Final Roll (Service Voters),service_elector_roll,https://ceomanipur.nic.in/eroll_manipur/serviceElector/S14AC044SVRC.pdf,PDF (text-searchable),Y,verified_live,206,application/pdf,2025-01-06
Manipur,Ukhrul,45,CHINGAI (ST),,Final Roll (Service Voters),service_elector_roll,https://ceomanipur.nic.in/eroll_manipur/serviceElector/S14AC045SVRC.pdf,PDF (text-searchable),Y,verified_live,206,application/pdf,2025-01-06
Meghalaya,,10,JIRANG (ST),,"Final Roll (Service Electors, 2025)",service_elector_roll,https://ceomeghalaya.nic.in/erolls/pdf/service-electors/S15AC010SVR.pdf,PDF (text-searchable),N,dead_link_404,404,text/html; charset=iso-8859-1,06-01-2025
Meghalaya,,15,MAWLAI (ST),,"Final Roll (Service Electors, 2025)",service_elector_roll,https://ceomeghalaya.nic.in/erolls/pdf/service-electors/S15AC015SVR.pdf,PDF (text-searchable),N,dead_link_404,404,text/html; charset=iso-8859-1,06-01-2025
Meghalaya,,16,MALKI NONGTHYMMAI (ST),15,Final Roll (Intensive Revision 2005),main_roll,https://ceomeghalaya.nic.in/erolls/pdf/english/A016/A0160015.pdf,PDF (scanned image),Y,verified_live,206,application/pdf,15-04-2005
Meghalaya,,16,MALKI NONGTHYMMAI (ST),18,Final Roll (Intensive Revision 2005),main_roll,https://ceomeghalaya.nic.in/erolls/pdf/english/A016/A0160018.pdf,PDF (scanned image),Y,verified_live,206,application/pdf,15-04-2005
Meghalaya,,16,MALKI NONGTHYMMAI (ST),8,Final Roll (Intensive Revision 2005),main_roll,https://ceomeghalaya.nic.in/erolls/pdf/english/A016/A0160008.pdf,PDF (scanned image),Y,verified_live,206,application/pdf,15-04-2005
Meghalaya,,2,RYMBAI (ST),42,Final Roll (Intensive Revision 2005),main_roll,https://ceomeghalaya.nic.in/erolls/pdf/english/A002/A0020042.pdf,PDF (scanned image),Y,verified_live,206,application/pdf,15-04-2005
Meghalaya,,25,MAWSYNRAM (ST),,"Final Roll (Service Electors, 2025)",service_elector_roll,https://ceomeghalaya.nic.in/erolls/pdf/service-electors/S15AC025SVR.pdf,PDF (text-searchable),N,dead_link_404,404,text/html; charset=iso-8859-1,06-01-2025
Meghalaya,,27,LYNGKYRDEM (ST),7,Final Roll (Intensive Revision 2005),main_roll,https://ceomeghalaya.nic.in/erolls/pdf/english/A027/A0270007.pdf,PDF (scanned image),Y,verified_live,206,application/pdf,15-04-2005
Meghalaya,,4,MOWKAIAW (ST),,"Final Roll (Service Electors, 2025)",service_elector_roll,https://ceomeghalaya.nic.in/erolls/pdf/service-electors/S15AC004SVR.pdf,PDF (text-searchable),N,dead_link_404,404,text/html; charset=iso-8859-1,06-01-2025
Meghalaya,,55,SALMANPARA (ST),,"Final Roll (Service Electors, 2025)",service_elector_roll,https://ceomeghalaya.nic.in/erolls/pdf/service-electors/S15AC055SVR.pdf,PDF (text-searchable),N,dead_link_404,404,text/html; charset=iso-8859-1,06-01-2025
Meghalaya,,58,RONGARA SIJU (ST),,"Final Roll (Service Electors, 2025)",service_elector_roll,https://ceomeghalaya.nic.in/erolls/pdf/service-electors/S15AC058SVR.pdf,PDF (text-searchable),N,dead_link_404,404,text/html; charset=iso-8859-1,06-01-2025
Meghalaya,East Jaintia Hills,6,KHLIEHRIAT (ST),,"Final Roll (Service Electors, 2025)",service_elector_roll,https://ceomeghalaya.nic.in/erolls/pdf/service-electors/S15AC006SVR.pdf,PDF (text-searchable),N,dead_link_404,404,text/html; charset=iso-8859-1,06-01-2025
Meghalaya,East Khasi Hills,13,MAWRYNGKNENG (ST),,"Final Roll (Service Electors, 2025)",service_elector_roll,https://ceomeghalaya.nic.in/erolls/pdf/service-electors/S15AC013SVR.pdf,PDF (text-searchable),N,dead_link_404,404,text/html; charset=iso-8859-1,06-01-2025
Meghalaya,East Khasi Hills,16,EAST SHILLONG (ST),,"Final Roll (Service Electors, 2025)",service_elector_roll,https://ceomeghalaya.nic.in/erolls/pdf/service-electors/S15AC016SVR.pdf,PDF (text-searchable),N,dead_link_404,404,text/html; charset=iso-8859-1,06-01-2025
Meghalaya,East Khasi Hills,17,LAITUMKHRAH (ST),5,Final Roll (Intensive Revision 2005),main_roll,https://ceomeghalaya.nic.in/erolls/pdf/english/A017/A0170005.pdf,PDF (scanned image),Y,verified_live,206,application/pdf,15-04-2005
Meghalaya,East Khasi Hills,20,MAWKHAR (ST),13,Final Roll (Intensive Revision 2005),main_roll,https://ceomeghalaya.nic.in/erolls/pdf/english/A020/A0200013.pdf,PDF (scanned image),Y,verified_live,206,application/pdf,15-04-2005
Meghalaya,East Khasi Hills,24,SOHRYNGKHAM (ST),20,Final Roll (Intensive Revision 2005),main_roll,https://ceomeghalaya.nic.in/erolls/pdf/english/A024/A0240020.pdf,PDF (scanned image),Y,verified_live,206,application/pdf,15-04-2005
Meghalaya,East Khasi Hills,26,NONGKREM (ST),15,Final Roll (Intensive Revision 2005),main_roll,https://ceomeghalaya.nic.in/erolls/pdf/english/A026/A0240015.pdf,PDF (scanned image),Y,verified_live,206,application/pdf,15-04-2005
Meghalaya,East Khasi Hills,26,NONGKREM (ST),21,Final Roll (Intensive Revision 2005),main_roll,https://ceomeghalaya.nic.in/erolls/pdf/english/A026/A0240021.pdf,PDF (scanned image),Y,verified_live,206,application/pdf,15-04-2005
Meghalaya,East Khasi Hills,31,MAWSYNRAM (ST),9,Final Roll (Intensive Revision 2005),main_roll,https://ceomeghalaya.nic.in/erolls/pdf/english/A031/A0310009.pdf,PDF (scanned image),Y,verified_live,206,application/pdf,15-04-2005
Meghalaya,Eastern West Khasi Hills,30,MAIRANG (ST),,"Final Roll (Service Electors, 2025)",service_elector_roll,https://ceomeghalaya.nic.in/erolls/pdf/service-electors/S15AC030SVR.pdf,PDF (text-searchable),N,dead_link_404,404,text/html; charset=iso-8859-1,06-01-2025
Meghalaya,West Garo Hills,49,DADENGGRE (ST),,"Final Roll (Service Electors, 2025)",service_elector_roll,https://ceomeghalaya.nic.in/erolls/pdf/service-electors/S15AC049SVR.pdf,PDF (text-searchable),N,dead_link_404,404,text/html; charset=iso-8859-1,06-01-2025
Meghalaya,West Khasi Hills,14,SOHIONG (ST),21,Final Roll (Intensive Revision 2005),main_roll,https://ceomeghalaya.nic.in/erolls/pdf/english/A014/A0140021.pdf,PDF (scanned image),Y,verified_live,206,application/pdf,15-04-2005
Mizoram,,,,,Press Note – SIR 2026 draft electoral roll publication (Mizo),press_notice,https://ceo.mizoram.gov.in/storage/press-releases/July_2026/01KWPBBZRST6PJEWCKV628GVGK.pdf,PDF (text-searchable),Y,verified_live,206,application/pdf,04.07.2026
Mizoram,,,,,Press Note – SIR 2026 draft electoral roll publication (English),press_notice,https://ceo.mizoram.gov.in/storage/press-releases/July_2026/01KWPBE4VP2HKAZT95503YKFK2.pdf,PDF (text-searchable),Y,verified_live,206,application/pdf,July 2026
Mizoram,,,,,SIR 2026 – List of Parts (state-wide district/AC/part index),main_roll,https://ceo.mizoram.gov.in/storage/current-events/July_2026/01KWNXH9MSD96A31M0FRGBJ88N.pdf,PDF (text-searchable),Y,verified_live,206,application/pdf,July 2026
Mizoram,AIZAWL,13,,,Monthly Pooling – Deletion (list of applications for deletion accepted),supplement,https://ceo.mizoram.gov.in/storage/monthly-poolings/13/April_2026/deletion/01KPD4VCG8RWF7XE1GF4MPEA9P.pdf,PDF (text-searchable),Y,verified_live,206,application/pdf,April 2026
Mizoram,AIZAWL,15,,,Monthly Pooling – Deletion (list of applications for deletion accepted),supplement,https://ceo.mizoram.gov.in/storage/monthly-poolings/15/April_2026/deletion/01KPD4YZQ8ZWYK00JHA6E17SAN.pdf,PDF (text-searchable),Y,verified_live,206,application/pdf,April 2026
Mizoram,AIZAWL,16,,,Monthly Pooling – Deletion (list of applications for deletion accepted),supplement,https://ceo.mizoram.gov.in/storage/monthly-poolings/16/April_2026/deletion/01KPD51BXB8DE6QADMR104C27D.pdf,PDF (text-searchable),Y,verified_live,206,application/pdf,April 2026
Mizoram,CHAMPHAI,23,,,Monthly Pooling – Addition (list of applications for addition in E-Roll accepted),supplement,https://ceo.mizoram.gov.in/storage/monthly-poolings/23/May_2026/addition/01KR0MMQKBBAFKADGW6TNJ7C3Y.pdf,PDF (text-searchable),Y,verified_live,206,application/pdf,May 2026
Mizoram,CHAMPHAI,25,,,Monthly Pooling – Addition (list of applications for addition in E-Roll accepted),supplement,https://ceo.mizoram.gov.in/storage/monthly-poolings/25/May_2026/addition/01KR0MQ3YE918AFYYG46NH4MPJ.pdf,PDF (text-searchable),Y,verified_live,206,application/pdf,May 2026
Mizoram,LUNGLEI,31,,,Monthly Pooling – Addition (list of applications for addition in E-Roll accepted),supplement,https://ceo.mizoram.gov.in/storage/monthly-poolings/31/April_2026/addition/01KPD6A68TRWXZJJZP031SS1GJ.pdf,PDF (text-searchable),Y,verified_live,206,application/pdf,April 2026
Mizoram,LUNGLEI,32,,,Monthly Pooling – Deletion (list of applications for deletion accepted),supplement,https://ceo.mizoram.gov.in/storage/monthly-poolings/32/April_2026/deletion/01KPD6C8T6J5HARB1CS8B0BM4H.pdf,PDF (text-searchable),Y,verified_live,206,application/pdf,April 2026
Mizoram,LUNGLEI,33,,,Monthly Pooling – Deletion (list of applications for deletion accepted),supplement,https://ceo.mizoram.gov.in/storage/monthly-poolings/33/April_2026/deletion/01KPD6DTXGRK2X8T00ZVBKJ5T0.pdf,PDF (text-searchable),Y,verified_live,206,application/pdf,April 2026
Mizoram,LUNGLEI,34,,,Monthly Pooling – Deletion (list of applications for deletion accepted),supplement,https://ceo.mizoram.gov.in/storage/monthly-poolings/34/April_2026/deletion/01KPD6FV55MV0VYMHCMZ373TGN.pdf,PDF (text-searchable),Y,verified_live,206,application/pdf,April 2026
Mizoram,MAMIT,3,Mamit,,Monthly Pooling – Deletion (list of applications for deletion accepted),supplement,https://ceo.mizoram.gov.in/storage/monthly-poolings/3/April_2026/deletion/01KPD48C7E03ZR9NBWM5X5KM8P.pdf,PDF (text-searchable),Y,verified_live,206,application/pdf,April 2026
Mizoram,SIAHA,40,,,Monthly Pooling – Addition (list of applications for addition in E-Roll accepted),supplement,https://ceo.mizoram.gov.in/storage/monthly-poolings/40/May_2026/addition/01KR0NAV3YAG1PBKQ3Y0PR95VB.pdf,PDF (text-searchable),Y,verified_live,206,application/pdf,May 2026
Mizoram,SIAHA,40,,,Monthly Pooling – Addition (list of applications for addition in E-Roll accepted),supplement,https://ceo.mizoram.gov.in/storage/monthly-poolings/40/April_2026/addition/01KPD71QEDFF7PVQG19M446A8Q.pdf,PDF (text-searchable),Y,verified_live,206,application/pdf,April 2026
Nagaland,Chümoukedima,5,GHASPANI-II,,Draft Roll,main_roll,http://ceo.nagaland.gov.in/media/service_voter/tmph79j5hsr5-GHASPANI-II.pdf,PDF text-searchable,Y,not_reachable_from_sandbox,000,text/html,
Nagaland,Dimapur,2,DIMAPUR-II,,Draft Roll,main_roll,https://ceo.nagaland.gov.in/media/service_voter/tmpy13rx8al2-DIMAPUR II.pdf,PDF text-searchable,Y,not_reachable_from_sandbox,000,,
Nagaland,Dimapur,3,DIMAPUR-III,,Draft Roll,main_roll,https://ceo.nagaland.gov.in/media/service_voter/tmpvonwpvak3-DIMAPUR III.pdf,PDF text-searchable,Y,not_reachable_from_sandbox,000,,
Nagaland,Mon,43,TAPI,,Draft Roll,main_roll,http://ceo.nagaland.gov.in/media/service_voter/tmpqifhuqsa43-TAPI.pdf,PDF text-searchable,Y,not_reachable_from_sandbox,000,text/html,
Nagaland,Mon,46,MON TOWN,,Draft Roll,main_roll,https://ceo.nagaland.gov.in/media/service_voter/tmpb2e9ghnk46-MON TOWN.pdf,PDF text-searchable,Y,not_reachable_from_sandbox,000,,
Nagaland,Mon,47,ABOI,,Draft Roll,main_roll,http://ceo.nagaland.gov.in/media/service_voter/tmpy4frqnxb47-ABOI.pdf,PDF text-searchable,Y,not_reachable_from_sandbox,000,text/html,
Nagaland,Peren,6,TENNING,,Draft Roll,main_roll,http://ceo.nagaland.gov.in/media/service_voter/tmpjd7acibm6-TENNING.pdf,PDF text-searchable,Y,not_reachable_from_sandbox,000,text/html,
Nagaland,Tuensang,52,LONGKHIM CHARE,,Draft Roll,main_roll,https://ceo.nagaland.gov.in/media/service_voter/tmpgx_3r_zu52-LONGKHIM CHARE.pdf,PDF text-searchable,Y,not_reachable_from_sandbox,000,,
Nagaland,Tuensang,53,TUENSANG SADAR-I,,Draft Roll,main_roll,https://ceo.nagaland.gov.in/media/service_voter/tmp0s2sad_z53-TUENSANG SADAR-I.pdf,PDF text-searchable,Y,not_reachable_from_sandbox,000,,
Nagaland,Zunheboto,13,PUGHOBOTO,,Draft Roll,main_roll,http://ceo.nagaland.gov.in/media/service_voter/tmpts1iqi6013-PUGHOBOTO.pdf,PDF text-searchable,Y,not_reachable_from_sandbox,000,text/html,
Nagaland,Zunheboto,31,AKULUTO,,Draft Roll,main_roll,https://ceo.nagaland.gov.in/media/service_voter/tmphrzqf8n331-AKULUTO.pdf,PDF text-searchable,Y,not_reachable_from_sandbox,000,,
Odisha,,,,,"Electoral Roll Analysis (statistical annexure — Draft Roll 2019, Format 8B: deletions through Form-7 / suo-motu / notices, district × AC table)",statistics,https://ceoodisha.nic.in/docs/EROLL_ANALYSIS/FORMAT1TO8_DRAFT_2019/Format8B.pdf,PDF (text-searchable),Y,not_reachable_from_sandbox,000,,
Odisha,,,,,"Electoral Roll Analysis (statistical annexure — Draft Roll 2019, Format 3A: district age-cohort elector information)",statistics,https://ceoodisha.nic.in/docs/EROLL_ANALYSIS/FORMAT1TO8_DRAFT_2019/Format3A.pdf,PDF (text-searchable),Y,not_reachable_from_sandbox,000,,
Odisha,,,,,"Electoral Roll Analysis (statistical annexure — Draft Roll 2019, Format 6: polling-station location details, district × AC table)",statistics,https://ceoodisha.nic.in/docs/EROLL_ANALYSIS/FORMAT1TO8_DRAFT_2019/Format6.pdf,PDF (text-searchable),Y,not_reachable_from_sandbox,000,,
Odisha,,,,,"Electoral Roll Analysis (statistical annexure — Draft Roll 2024, Format 5B: constituency-wise EPIC & photo coverage)",statistics,https://ceoodisha.nic.in/docs/EROLL_ANALYSIS/FORMAT1TO8_DRAFT_2024/Format5B.pdf,PDF (text-searchable),Y,not_reachable_from_sandbox,000,,
Odisha,,,,,"Electoral Roll Analysis (statistical annexure — Draft Roll 2024, Format 5C: polling stations by photo coverage)",statistics,https://ceoodisha.nic.in/docs/EROLL_ANALYSIS/FORMAT1TO8_DRAFT_2024/Format5C.pdf,PDF (text-searchable),Y,not_reachable_from_sandbox,000,,
Odisha,,,,,"Electoral Roll Analysis (statistical annexure — Draft Roll 2017, Format 1B: electors / net change over previous roll)",statistics,https://ceoodisha.nic.in/docs/EROLL_ANALYSIS/FORMAT1TO8_DRAFT_2017/Format1B.pdf,PDF (text-searchable),Y,not_reachable_from_sandbox,000,,
Odisha,,,,,"Electoral Roll Analysis (statistical annexure — Draft Roll 2014, Format 4B: deletions / objections admitted, district × AC table)",statistics,https://ceoodisha.nic.in/docs/EROLL_ANALYSIS/FORMAT1TO8_DRAFT_2014/FORMAT4B.pdf,PDF (text-searchable),Y,not_reachable_from_sandbox,000,,
Odisha,,,,,"Electoral Roll Analysis (statistical annexure — Supplement 1, 2016, Format 4B: deletions / objections, district × AC table)",statistics,https://ceoodisha.nic.in/docs/EROLL_ANALYSIS/FORMAT1TO8_SUP1_2016/FORMAT4B.pdf,PDF (text-searchable),Y,not_reachable_from_sandbox,000,,
Odisha,,,,,"Electoral Roll Analysis (statistical annexure — Supplement 1, 2024, Format 2B)",statistics,https://ceoodisha.nic.in/docs/EROLL_ANALYSIS/FORMAT1TO8_SUP1_2024/FORMAT2B.pdf,PDF (text-searchable),Y,not_reachable_from_sandbox,000,,
Odisha,,,,,"Electoral Roll Analysis (statistical annexure — Draft Roll 2025 (Final), Format 5B: constituency-wise EPIC & photo coverage, 'As per Final Electoral Roll, 2025')",statistics,https://ceoodisha.nic.in/repo/docs/eroll_analysis/FORMAT1TO8_DRAFT_2025/FINAL/Format%205B.pdf,PDF (text-searchable),Y,not_reachable_from_sandbox,000,,
Puducherry,Karaikal,24,NEDUNGADU,,SIR Final Roll 2026 (service electors),service_elector_roll,https://ceopuducherry.py.gov.in/admin/serviceelectors/AC_24.pdf,PDF text-searchable,Y,verified_live,206,application/pdf,
Puducherry,Karaikal,24,NEDUNGADU,,"Final Roll 2026, continuous updation (service electors)",service_elector_roll,https://ceopuducherry.py.gov.in/admin/serviceelectors/202606101342271674398132.pdf,PDF text-searchable,Y,verified_live,206,application/pdf,2026-03-23
Puducherry,Karaikal,25,THIRUNALLAR,,SIR Final Roll 2026 (service electors),service_elector_roll,https://ceopuducherry.py.gov.in/admin/serviceelectors/AC_25.pdf,PDF text-searchable,Y,verified_live,206,application/pdf,2026-02-14
Puducherry,Karaikal,25,THIRUNALLAR,,"Final Roll 2026, continuous updation (service electors)",service_elector_roll,https://ceopuducherry.py.gov.in/admin/serviceelectors/20260610134248179958689.pdf,PDF text-searchable,Y,verified_live,206,application/pdf,2026-03-23
Puducherry,Mahe,29,MAHE,,"Draft Roll 2025, Special Summary Revision - draft (service electors)",service_elector_roll,https://ceopuducherry.py.gov.in/admin/serviceelectors/202411041407082033023599.pdf,PDF text-searchable,Y,verified_live,206,application/pdf,2024-10-29
Puducherry,Puducherry,1,MANNADIPET,,SIR Final Roll 2026 (service electors),service_elector_roll,https://ceopuducherry.py.gov.in/admin/serviceelectors/AC_01.pdf,PDF text-searchable,Y,verified_live,206,application/pdf,2026-02-14
Puducherry,Puducherry,1,MANNADIPET,,"Final Roll 2026, continuous updation (service electors)",service_elector_roll,https://ceopuducherry.py.gov.in/admin/serviceelectors/20260610132405484566494.pdf,PDF text-searchable,Y,verified_live,206,application/pdf,2026-03-23
Puducherry,Puducherry,11,LAWSPET,,SIR Final Roll 2026 (service electors),service_elector_roll,https://ceopuducherry.py.gov.in/admin/serviceelectors/AC_11.pdf,PDF text-searchable,Y,verified_live,206,application/pdf,
Puducherry,Puducherry,13,MUTHIALPET,,SIR Final Roll 2026 (service electors),service_elector_roll,https://ceopuducherry.py.gov.in/admin/serviceelectors/AC_13.pdf,PDF text-searchable,Y,verified_live,206,application/pdf,
Puducherry,Puducherry,13,MUTHIALPET,,"Final Roll 2026, continuous updation (service electors)",service_elector_roll,https://ceopuducherry.py.gov.in/admin/serviceelectors/202606101335491698629338.pdf,PDF text-searchable,Y,verified_live,206,application/pdf,2026-03-23
Puducherry,Puducherry,2,THIRUBHUVANAI,,"Final Roll 2026, continuous updation (service electors)",service_elector_roll,https://ceopuducherry.py.gov.in/admin/serviceelectors/202606101324351125287697.pdf,PDF text-searchable,Y,verified_live,206,application/pdf,2026-03-23
Puducherry,Puducherry,22,NETTAPAKKAM,,SIR Final Roll 2026 (service electors),service_elector_roll,https://ceopuducherry.py.gov.in/admin/serviceelectors/AC_22.pdf,PDF text-searchable,Y,verified_live,206,application/pdf,2026-02-14
Puducherry,Puducherry,23,BAHOUR,,"Draft Roll 2025, Special Summary Revision - draft (service electors)",service_elector_roll,https://ceopuducherry.py.gov.in/admin/serviceelectors/20241115115903367943909.pdf,PDF text-searchable,Y,verified_live,206,application/pdf,2024-10-29
Puducherry,Puducherry,23,BAHOUR,,"Final Roll 2025, Special Summary Revision (service electors)",service_elector_roll,https://ceopuducherry.py.gov.in/admin/serviceelectors/202501060414371632830111.pdf,PDF text-searchable,Y,verified_live,206,application/pdf,2025-01-06
Puducherry,Puducherry,3,OUSSUDU,,SIR Final Roll 2026 (service electors),service_elector_roll,https://ceopuducherry.py.gov.in/admin/serviceelectors/AC_03.pdf,PDF text-searchable,Y,verified_live,206,application/pdf,
Puducherry,Puducherry,5,VILLIANUR,,"Draft Roll 2025, Special Summary Revision - draft (service electors)",service_elector_roll,https://ceopuducherry.py.gov.in/admin/serviceelectors/20241115115109553302412.pdf,PDF text-searchable,Y,verified_live,206,application/pdf,2024-10-29
Puducherry,Puducherry,7,KADIRGAMAM,,SIR Final Roll 2026 (service electors),service_elector_roll,https://ceopuducherry.py.gov.in/admin/serviceelectors/AC_07.pdf,PDF text-searchable,Y,verified_live,206,application/pdf,
Puducherry,Puducherry,8,INDIRA NAGAR,,"Final Roll 2026, continuous updation (service electors)",service_elector_roll,https://ceopuducherry.py.gov.in/admin/serviceelectors/20260610133328698757758.pdf,PDF text-searchable,Y,verified_live,206,application/pdf,2026-03-23
Puducherry,Puducherry,8,INDIRA NAGAR,,"Final Roll 2025, Special Summary Revision (service electors)",service_elector_roll,https://ceopuducherry.py.gov.in/admin/serviceelectors/202501060418022005349512.pdf,PDF text-searchable,Y,verified_live,206,application/pdf,2025-01-06
Puducherry,Puducherry,9,THATTANCHAVADY,,SIR Final Roll 2026 (service electors),service_elector_roll,https://ceopuducherry.py.gov.in/admin/serviceelectors/AC_09.pdf,PDF text-searchable,Y,verified_live,206,application/pdf,2026-02-14
Puducherry,Yanam,30,YANAM,,"Final Roll 2025, Special Summary Revision (service electors)",service_elector_roll,https://ceopuducherry.py.gov.in/admin/serviceelectors/20250106041245491987635.pdf,PDF text-searchable,Y,verified_live,206,application/pdf,2025-01-06
Sikkim,,01,YOKSAM,03,Pre-SIR baseline roll (Electoral Roll 2002),main_roll,https://www.eci.gov.in/sir/f3/S21/data/OLDSIRROLL/S21/1/S21_1_3.pdf,PDF (text-extractable),Y,verification_blocked_406,406,text/html,
Sikkim,,01,YOKSAM,04,Pre-SIR baseline roll (Electoral Roll 2002),main_roll,https://www.eci.gov.in/sir/f3/S21/data/OLDSIRROLL/S21/1/S21_1_4.pdf,PDF (text-extractable),Y,verification_blocked_406,406,text/html,
Sikkim,,03,GEYZING,05,Pre-SIR baseline roll (Electoral Roll 2002),main_roll,https://www.eci.gov.in/sir/f3/S21/data/OLDSIRROLL/S21/3/S21_3_5.pdf,PDF (text-extractable),Y,verification_blocked_406,406,text/html,
Sikkim,,04,DENTAM,03,Pre-SIR baseline roll (Electoral Roll 2002),main_roll,https://www.eci.gov.in/sir/f3/S21/data/OLDSIRROLL/S21/4/S21_4_3.pdf,PDF (text-extractable),Y,verification_blocked_406,406,text/html,
Sikkim,,04,DENTAM,04,Pre-SIR baseline roll (Electoral Roll 2002),main_roll,https://www.eci.gov.in/sir/f3/S21/data/OLDSIRROLL/S21/4/S21_4_4.pdf,PDF (text-extractable),Y,verification_blocked_406,406,text/html,
Sikkim,,05,BARMIOK,01,Pre-SIR baseline roll (Electoral Roll 2002),main_roll,https://www.eci.gov.in/sir/f3/S21/data/OLDSIRROLL/S21/5/S21_5_1.pdf,PDF (text-extractable),Y,verification_blocked_406,406,text/html,
Sikkim,,06,RINCHENPONG,05,Pre-SIR baseline roll (Electoral Roll 2002),main_roll,https://www.eci.gov.in/sir/f3/S21/data/OLDSIRROLL/S21/6/S21_6_5.pdf,PDF (text-extractable),Y,verification_blocked_406,406,text/html,
Sikkim,,08,SOREONG,08,Pre-SIR baseline roll (Electoral Roll 2002),main_roll,https://www.eci.gov.in/sir/f3/S21/data/OLDSIRROLL/S21/8/S21_8_8.pdf,PDF (text-extractable),Y,verification_blocked_406,406,text/html,
Sikkim,,13,DAMTHANG,06,Pre-SIR baseline roll (Electoral Roll 2002),main_roll,https://www.eci.gov.in/sir/f3/S21/data/OLDSIRROLL/S21/13/S21_13_6.pdf,PDF (text-extractable),Y,verification_blocked_406,406,text/html,
Sikkim,,16,TEMITARKU,12,Pre-SIR baseline roll (Electoral Roll 2002),main_roll,https://www.eci.gov.in/sir/f3/S21/data/OLDSIRROLL/S21/16/S21_16_12.pdf,PDF (text-extractable),Y,verification_blocked_406,406,text/html,
Sikkim,,18,RHENOCK,03,Pre-SIR baseline roll (Electoral Roll 2002),main_roll,https://www.eci.gov.in/sir/f3/S21/data/OLDSIRROLL/S21/18/S21_18_3.pdf,PDF (text-extractable),Y,verification_blocked_406,406,text/html,
Sikkim,,21,LOOSING PACHEYKHANI,03,Pre-SIR baseline roll (Electoral Roll 2002),main_roll,https://www.eci.gov.in/sir/f3/S21/data/OLDSIRROLL/S21/21/S21_21_3.pdf,PDF (text-extractable),Y,verification_blocked_406,406,text/html,
Sikkim,,21,LOOSING PACHEYKHANI,06,Pre-SIR baseline roll (Electoral Roll 2002),main_roll,https://www.eci.gov.in/sir/f3/S21/data/OLDSIRROLL/S21/21/S21_21_6.pdf,PDF (text-extractable),Y,verification_blocked_406,406,text/html,
Sikkim,,21,LOOSING PACHEYKHANI,09,Pre-SIR baseline roll (Electoral Roll 2002),main_roll,https://www.eci.gov.in/sir/f3/S21/data/OLDSIRROLL/S21/21/S21_21_9.pdf,PDF (text-extractable),Y,verification_blocked_406,406,text/html,
Sikkim,,23,DJONGU(Reserved for BL),10,Pre-SIR baseline roll (Electoral Roll 2002),main_roll,https://www.eci.gov.in/sir/f3/S21/data/OLDSIRROLL/S21/23/S21_23_10.pdf,PDF (text-extractable),Y,verification_blocked_406,406,text/html,
Sikkim,,28,RUMTEK,06,Pre-SIR baseline roll (Electoral Roll 2002),main_roll,https://www.eci.gov.in/sir/f3/S21/data/OLDSIRROLL/S21/28/S21_28_6.pdf,PDF (text-extractable),Y,verification_blocked_406,406,text/html,
Sikkim,,32,SANGHA(Reserved),33,Pre-SIR baseline roll (Electoral Roll 2002),main_roll,https://www.eci.gov.in/sir/f3/S21/data/OLDSIRROLL/S21/32/S21_32_33.pdf,PDF (text-extractable),Y,verification_blocked_406,406,text/html,
Tamil Nadu,,,,,Deletion-ASDD list (ASD index),listing_page,https://erolls.tn.gov.in/asd/,webpage form/table,N,gated_or_listing,,,
Tamil Nadu,,,,,"Final Roll (SSR 2025, qualifying 01.01.2025) — index page",listing_page,https://erolls.tn.gov.in/rollpdf/FINALROLL_EN_06012025.aspx,webpage (aspx index of part PDFs),N,gated_or_listing,,,2025-01-06
Tamil Nadu,,,,,"Pre-SIR Roll 2002 — index page (reported, unverified)",listing_page,https://erolls.tn.gov.in/Rollpdf/SIR_2002.aspx,webpage (unverified),N,gated_or_listing,,,
Tamil Nadu,,,,,"Pre-SIR Roll 2005 — index page (reported, unverified)",listing_page,https://erolls.tn.gov.in/Rollpdf/SIR_2005.aspx,webpage (unverified),N,gated_or_listing,,,
Telangana,,,,,"Electors Summary (aggregate statistics, not a roll)",statistics,http://ceotelangana.nic.in/epicstatus/Electors Summary - SSR-2024_Draft_Rolls.pdf,"PDF (aggregate statistics table, not a roll)",Y,not_reachable_from_sandbox,000,,06.01.2024
Telangana,,,,,"Electors Summary (aggregate statistics, not a roll)",statistics,https://ceotelangana.nic.in/epicstatus/SSR2014_FinalElectors.pdf,"PDF (aggregate statistics table, not a roll)",Y,not_reachable_from_sandbox,000,,
Telangana,,,,,"Electors Summary (aggregate statistics, not a roll)",statistics,https://ceotelangana.nic.in/epicstatus/SSR-2019 Final Electors Summary_22.02.2019.pdf,"PDF (aggregate statistics table, not a roll)",Y,not_reachable_from_sandbox,000,,22.02.2019
Telangana,,,,,"Electors Summary (aggregate statistics, not a roll)",statistics,https://ceotelangana.nic.in/epicstatus/Web Site Final Electors Summary - 2023.pdf,"PDF (aggregate statistics table, not a roll)",Y,not_reachable_from_sandbox,000,,
Telangana,,,,,"Electors Summary (aggregate statistics, not a roll)",statistics,https://ceotelangana.nic.in/epicstatus/Web Site Final Electors Summary - 2022.pdf,"PDF (aggregate statistics table, not a roll)",Y,not_reachable_from_sandbox,000,,
Telangana,,,,,"Electors Summary (aggregate statistics, not a roll)",statistics,https://ceotelangana.nic.in/epicstatus/Web%20site%20HOP-2019%20Electors%20Summary%20-%2025.03.2019.pdf,"PDF (aggregate statistics table, not a roll)",Y,not_reachable_from_sandbox,000,,25.03.2019
Telangana,Hyderabad,17,Hyderabad (Local Authorities' Constituency),,Draft Roll,main_roll,https://ceotelangana.nic.in/LocalAuthorityRoll-2025/PS No. 02 _ Non Photo_Draft Roll.pdf,PDF (text extractable by search index; typed non-photo roll),Y,not_reachable_from_sandbox,000,,26/03/2025
Telangana,Hyderabad,17,Hyderabad (Local Authorities' Constituency),,Final Roll,main_roll,https://ceotelangana.nic.in/LocalAuthorityRoll-2023/Hyd Local Authorities_PS No.1_Final.pdf,PDF (text extractable by search index; typed),Y,not_reachable_from_sandbox,000,,23/02/2023
Telangana,Hyderabad,17,Hyderabad (Local Authorities' Constituency),,Final Roll,main_roll,https://ceotelangana.nic.in/LocalAuthorityRoll-2023/Hyd Local Authorities_PS No.2_Final.pdf,PDF (text extractable by search index; typed),Y,not_reachable_from_sandbox,000,,23/02/2023
West Bengal,,,,,Supplement,supplement,https://ceowestbengal.wb.gov.in/Downloads/SIR2026/AC wise Draft Elector SIR 2026.pdf,"PDF (tabular text, search index snippet)",Y,not_reachable_from_sandbox,000,,2025-12-16
